d1p1ja1;0.2;29.4;49.1;29.2;39.4;34.4;29.2;47.8;30.4;22.2;43.5;26.1;46.8;30;22.2;29.4;31.8;48.1;46.3;44.1;44.8;50;29.6;31.4;18.8;35.3;41.4;50;35;22.2;34.3;28.6;18.2;31.6;12.5;38.2;50;10;25;26.3;26.7;43.4;34.6;37.5;38.9;43.6;31.6;36.4;30.6;43.9;39.4;27;16;26.7
d1vkoa1;21.8;41;31.2;42.2;42.3;30.4;9.1;35.3;0;22.2;29.3;21.4;39.6;45.1;39.1;50;33.3;36.8;19;35.7;35.1;45.2;10;30.8;30;20;42.9;39.6;45;0;12.5;25;14.3;29.6;42.3;42.6;36.4;45.7;29;46.8;41;30;35.3;37.5;25;40;38.6;31.2;48.8;46.3;21.7;39.4;20;30
d1i24a_;29.4;0;43.8;35.8;49.3;42.3;47;45.2;48.3;38.1;42.3;31.8;41.6;40.5;47;40.6;31;30.6;45.1;40;31.6;29;39.3;51.6;26.5;28.1;23.3;37;41.4;27.6;36.6;31.6;20;18.2;21.4;35.7;39.3;26.1;47.5;40.3;29.4;35.1;29.3;25;18.2;37;29;45.5;33.3;41.5;33.3;36.8;21.4;28.6
d1gy8a_;45.7;52.2;51.3;54.6;28.1;44.1;55.9;39;48.3;37.5;36.5;40.9;51.8;43.8;5.6;39.6;21.1;47.9;47.9;42.1;33.3;27.6;36.2;49.4;26.9;28.9;48.9;33.3;48.6;44.4;37.5;29;40;40.5;47.2;49;27.8;30.4;49.5;31.2;29.6;26.7;31.8;51.9;45.9;32.4;30.4;28.6;40.5;20;39;37;40;45.3
d2c5aa1;49.1;43.8;0;50.6;50;40.7;48.7;49.3;45.1;31;47.2;8.3;45.5;41.5;21.4;34.5;31;23.3;25;28;26.3;41.4;33.3;33.3;11.1;40;34;47.4;39.5;36.4;42.2;46;26.1;35.3;37.5;35.7;42.9;37.9;37.8;39.5;40.5;34.5;37;16.7;34.8;42.2;35.5;44.8;40.9;27.6;35.5;41.5;33.3;14.3
d1kewa_;41.7;46.1;46.8;44.7;46.9;47.6;44;46.7;47.9;31.6;43.3;33;45.6;46.3;36.6;32.1;51.1;36.4;52.4;25;28.6;41.9;37.3;22.7;35.4;16.7;45.2;20;34.7;35.9;17.6;40.4;37.1;8.3;45.8;15;37.7;43.9;27.8;35.8;45.3;48;11.1;26.9;31.6;37;44.4;48.3;44.9;48.9;22.2;45.2;32.8;39
d1db3a_;29.2;35.8;50.6;0;47.3;37.1;17.1;47.2;48.9;42.9;45.3;33.3;28.7;48.1;41;35.3;40;39.5;45.5;32.1;37;37;25.9;32;39;33.3;44;43.6;44.4;48.6;43.3;28;18.8;43.2;42.3;33.3;29.6;12.5;35.7;33.3;40.3;40;29.7;33.3;36.4;28;34.5;39.1;42.9;38.2;39.7;44.1;39.2;53.3
d1rkxa_;39.4;33.3;44;48.9;9.6;33.3;47.2;42.5;39.5;45.3;46.7;40.9;46.8;33.3;45.8;29.4;37.3;43.3;42.4;25.9;49.4;46.8;43.6;18.8;25;16.7;24.1;29.6;36.7;44;37.5;41.9;0;34.8;45;39.1;8.3;41.7;23.1;48.7;38.5;21.4;29.4;38.3;34.3;45.5;41.2;34.6;44.4;27.3;26.7;33.3;33.3;14.3
d1wvga1;39.4;49.3;50;47.3;0;23.5;48.7;43.5;35.7;43.4;44.4;11.1;46.6;34.6;19;33.3;38.8;46.5;39.1;40.3;38.9;40;40.6;21.4;41.2;47.1;25;39.6;40;16.7;22.7;40.5;31.2;40;55;45.7;30.4;29.4;20;40.6;40;14.3;27.3;45.1;44;40;41.2;28.6;32.4;23.8;15.4;18.2;33.3;44
d1bxka_;27.3;46.4;48.6;41.4;49.4;37.1;44.2;43.2;52.3;10.5;44.4;22.2;46.7;47.7;14.3;38.2;46.4;47.8;50.9;38.8;22.2;47.5;23.1;23.1;41.5;27.6;40.9;23.5;39.3;43.7;21.4;45.7;36.4;41.9;45.1;37.1;42.6;39.5;33.3;26.9;29.6;45.9;18.5;26.9;40;41.7;20;48;47.1;51.1;47.4;40;35.5;50
d1xgka_;34.4;42.3;40.7;37.1;23.5;0;52.5;44.1;23.5;47.6;27.6;27.3;32.3;33.3;46.2;33.3;38.7;41.4;21.4;31.6;55.3;25;44.8;30.8;24;28.6;25.9;33.3;32.1;43;10;32;33.3;30.6;23.1;34.8;45.7;29.6;46.1;31.6;31;10;36.8;32;10;33.3;22.7;29.4;33.3;28.6;42.6;48.4;43.9;52.6
d1z45a2;31.4;42;45.2;47.4;47;16.7;44.4;22.6;41.1;16.7;26.2;40.6;48.2;47.4;41.8;32.3;52.8;37.5;52.6;39.7;42.1;29.7;25.8;30.8;20.8;47;49.7;20;39.1;45.4;48.1;27.8;25;25;40.2;35.5;42.7;33.3;32.4;40.8;37.1;29;39.2;29;42.1;35.1;37.5;42.7;32.3;29;50.5;42.9;14.3;30.8
d1t2aa_;29.2;47;48.7;17.1;48.7;52.5;0;44.5;46.9;28.6;44.6;34.6;25.4;35.8;47.3;43.5;43;29.4;44.4;44.8;40;42.3;26.9;44;34.6;39.1;39.1;31.6;37;23.5;41;43.6;18.8;40.7;47.2;35.7;34.6;39.3;48.1;34.6;15.4;43.4;34.8;34.6;34.5;38.5;39.3;45.1;31.8;20.8;22.7;48;49.7;26.1
d1oc2a_;36.4;40;46.3;49.7;46.3;43.7;46.7;52.1;48.9;25;47.7;52.4;43.7;46.8;0;40;45.2;41.7;45.7;43.6;42.2;39;32;51.8;45.8;23.1;48.6;44.8;25;50.9;35;8.3;30;21.4;38.3;45.7;42.3;14.3;40.8;43.2;38.2;40.3;34;41.5;34.6;40.4;27.8;42.4;11.1;21.4;23.1;37.1;36.6;45
d1ek6a_;47.8;45.2;49.3;47.2;43.5;44.1;44.5;0;43;30;19.9;33.3;48.7;50.3;27.6;38.1;44.4;45.2;41.3;38.5;45.2;39.2;32.1;34.6;26.9;43;46.4;47;43.2;34.5;45.2;41.4;26.7;27.3;40;45.3;46;44.4;41.9;35;40.6;35.6;32.1;10;31.6;41.4;37;49;44.3;45.1;46.8;38.6;48.5;45.5
d1y1pa1;40.5;28.6;17.2;40.7;38.1;16.7;20;37.7;17.9;46.8;39.7;25;21.2;39.2;48.1;43.3;45.6;27.3;16.7;47.8;33.3;35.2;20.7;0;36;45.6;44.3;37.8;30.8;38.2;41;47.7;40;31.2;41.5;41.2;36.4;35.8;26.5;23.5;28.6;21.4;37.5;39.3;51.8;43.8;28.6;40.4;34.1;34.1;44.1;42.9;30.4;44
d2blla1;30.4;48.3;45.1;48.9;35.7;23.5;46.9;43;0;27.3;43.4;25;50;46;35.8;26.7;25;14.3;33.3;46.7;45.3;50.8;43.5;11.1;21.4;44.7;38.5;40;25;36.8;44.2;37.5;11.1;46.7;30;41.2;27.6;30;35.3;41.4;40;42.9;25;13.3;34.6;18.2;45.6;38.9;25;48.6;39.1;43.2;22.7;23.1
d1sb8a_;22.6;51.1;45.8;48.4;44.3;37.2;45.4;45.8;47.3;27.8;42.3;39.1;46.6;43.7;43.1;21.1;47.7;41.5;39.3;46.2;44.8;39.3;46.8;41.8;39.4;30.8;45.7;22.2;31.8;42.9;43.8;35.7;32.7;21.1;46.4;31.8;35.9;13.3;48.7;42.2;37;44.1;51.1;32.4;39.3;37.5;42.1;38.7;40.5;44;32.4;34.6;32.3;52
d1x7da_;22.2;38.1;31;42.9;43.4;47.6;28.6;30;27.3;0;48.5;23.5;36.8;51.4;18.8;36.1;36.8;39.5;42.1;18.8;26.3;39;28.6;34.9;39.7;37.3;38.7;34.5;30.2;18.8;40.3;36.6;38.9;27.3;15.4;39.5;23.8;38.3;31.8;27.8;47.8;27.3;29.4;28.6;36.4;35.3;45;36.4;32.5;49.6;40;45.8;45.3;39.3
d1n7ha_;25;40.6;50.1;22.4;43;34.4;19.6;48.2;53.9;33.3;45.2;25;20.4;48.3;35.9;39.1;45.1;47.9;50.3;0;39.6;0;29.6;36.5;37.9;47.4;27.3;42.1;44.3;45.9;36.1;30.4;36.4;22.2;46.8;39.3;33.3;34.1;20.7;50.8;0;28.6;30.4;33.3;34.8;34.4;34.5;44.8;36.8;24;31.2;33.3;30.4;50
d1udca_;43.5;42.3;47.2;45.3;44.4;27.6;44.6;19.9;43.4;48.5;0;19;49.3;47.5;37;45.1;45.4;38.5;47.6;44.4;43;31.7;28.6;30.8;44.4;25;50.8;23.5;39.6;27.6;50;37.9;33.3;22.2;32.4;37.5;45.3;32.3;36.8;46.5;38.8;48.2;21.4;35.7;41.5;40.4;49.6;48;26.7;40;42.7;30;25;20
d1orra_;42.1;46.6;47.8;41.2;45.3;42.9;46.7;44;47.5;46.7;42;41.9;44.7;51.3;12.5;41.4;45.5;37.5;44.9;16.7;9.1;46.5;38.5;30.8;29.6;40.5;46.4;26.7;38;44.8;33.3;41;45.1;48.5;44.1;35.7;42.2;37.3;36.4;34.6;29.2;50;34.4;35.7;17.6;44.8;29.4;26.7;25;25;36.4;34.5;22.2;35.3
d1uh5a_;26.1;31.8;8.3;33.3;11.1;27.3;34.6;33.3;25;23.5;19;0;36.5;36.8;42.1;23.3;38.2;45.7;9.1;40.4;44.2;46.7;36.4;27.3;39.6;25.8;38.9;23.3;27.8;47.5;42.7;34.9;31.2;39.7;30;21.4;33.3;33.3;28.6;25.9;40.8;39.7;21.4;21.4;38.7;35.7;14.3;50;33.3;44.7;26.2;26.2;36.5;35.6
d1r6da_;26.3;46.7;44.2;41;43.3;38.8;42.7;49.3;47.3;26.1;41.9;38.9;46.9;45.9;12;37.9;43.5;44.3;45.7;20;39.4;43.1;10;32;43.5;10;42.9;23.5;20;36.4;23.5;21.4;16.7;22.2;38.2;42.3;48.1;47.9;48.1;38.1;33.3;50.9;42.9;25;52.8;0;39.3;46.2;33.3;41.2;44.4;44.9;37;45.5
d1rpna_;46.8;41.6;45.5;28.7;46.6;32.3;25.4;48.7;50;36.8;49.3;36.5;0;54.9;43.2;45.8;40.8;15.4;52;34.2;40.4;44;32;30.8;40.4;45.7;16.7;26.7;42;46.5;41.8;30.8;48.9;37.9;30;44;36;40.7;36.8;39;38.9;39.1;18.2;40.5;44.2;20;40.7;20;23.1;51;40;35.3;33.3;28.6
d1omoa_;30;27.8;8.3;34.8;42.4;25;30.4;43.3;51;32.2;26.3;31.4;39.1;43.5;12.5;53.6;43.8;35.2;39.5;33.3;39.4;39.1;39.1;21.4;26.7;46.4;15.4;16.7;34.3;35;46.7;36.4;34.6;38.7;40.5;44.1;30.4;29.6;41.9;39.3;38.9;42.4;29.4;42.9;49.7;43.8;25.9;34.6;42.7;43.1;18.8;42.3;28;28.6
d1e6ua_;30;40.5;41.5;48.1;34.6;33.3;35.8;50.3;46;51.4;47.5;36.8;54.9;0;23.5;36.8;37.8;35.6;41.4;34.2;39.1;39.5;25;35;40.6;20;43.3;35.3;40.9;38.1;20;49.4;21.4;36.4;41.7;41.4;20;50.9;26.1;40.5;37.8;33.3;33.3;16.7;37.5;41.9;34.6;28.2;46.5;25;50;44.9;27.8;45.8
d2b69a1;32;49.2;39.6;50;42.3;42.9;47.6;43.6;38.8;27.3;42.8;42.9;44.7;45.9;19.4;28.6;31.8;38;54.2;16.7;37.5;16.7;32.3;26.9;37.9;35.5;40;26.3;45.5;27.6;23.5;41.4;26.5;35.5;28.6;28.1;29;29;47.9;41.5;25;30.6;21.4;22.6;36;39.1;37.9;43.8;18.2;23.1;27.6;31;37.3;38.5
d1qyda_;22.2;47;21.4;41;19;46.2;47.3;27.6;35.8;18.8;37;42.1;43.2;23.5;0;44.4;34.8;36;6.7;35.3;21.4;37;29;26.3;20;42.9;35.7;45;20;16.7;38.9;44;37;7.7;21.7;30.8;43.7;37.5;46;33.3;36.1;31.8;50;33.3;45.2;29.4;42.9;46.9;45.2;45.8;34.6;45.7;26.9;47.1
d1o0sa1;30.8;17.6;15.8;34.6;25;21.4;17.6;41.2;31;46.4;41.9;7.7;22.2;40.8;33.3;17.4;47.1;32.1;11.1;42.9;46.7;40.5;40;38.9;33.3;34.8;30.4;48.4;36.4;46.9;30.8;41.2;22.2;34.4;14.3;34.8;10;43.8;27.8;25.9;43.1;42.1;47.2;35.3;39.4;15.8;35.7;38.1;38.9;18.2;43.2;22.2;46.4;44.4
d1qyca_;34.9;15.4;44.3;32.9;14.3;41.4;42.6;25;40.2;0;31.3;35.7;37.1;40;19.6;36.7;30.4;48;17.6;39;47.2;40;46.3;36.6;36.4;45.3;24.2;39.6;45.7;39.1;42.7;28.6;47;42.6;28.1;32.3;42.9;26.3;44.7;45;36.6;20;18.8;43.9;27.3;46.4;41.2;45.6;45.4;47.2;42.9;45.7;31.6;34.3
d1eq2a_;48.8;37.5;43.5;28.6;45.1;18.2;48.3;46.4;40.3;47.7;42.5;48.6;43.7;45;0;27.3;27.3;51.3;51.2;41.9;46.2;39.5;37.5;23.8;34.5;34.5;40.5;25;44;45.9;38.1;44.4;34.8;43.6;33.3;48.4;42.1;41.7;50.9;33.3;28.6;19.4;33.3;29;21.4;26.1;39.7;37.1;44.1;22.2;40.9;40;36.5;20
d1gz6a_;29.4;40.6;34.5;35.3;33.3;33.3;43.5;38.1;26.7;36.1;45.1;23.3;45.8;36.8;44.4;0;39.3;34.5;33.3;35.5;34.8;37.7;35.9;47.5;37.2;33.8;39.7;37.1;31.6;37.3;36.1;35.7;43.6;48.4;48.4;34.3;38.6;43.1;45.1;38.1;35.7;41.1;41.7;35.8;43.9;32.9;30.3;38.5;47.1;25;34.6;47.4;44.6;20
d1zbqa1;42.9;35.3;34.5;35.3;33.3;18.8;30.8;39.3;31.2;29;44.1;26.7;42.3;36.8;40;1.7;43.8;37.9;26.3;34.5;37.2;37.7;34.4;40.6;37.3;33.3;36.3;37.1;31.1;36.8;38.2;32.4;44.8;49;49.2;37.6;38;44.2;48.8;39.2;34.9;40;44.1;37.4;42.2;32.9;30.9;39.4;43.9;33.3;31.9;49.2;43.9;20
d1n2sa_;31.8;31;31;40;38.8;38.7;43;44.4;25;36.8;45.4;38.2;40.8;37.8;34.8;39.3;0;32;33.7;20;37.3;38.7;45.7;46.9;45.7;46.2;39.6;40;46.2;42.6;47.3;34.7;40.5;26.3;43.3;24;40;44.2;36;25;33.3;20;36.8;44.4;31.8;40;38.6;41.3;38.3;46.7;38.1;28.6;40;30.8
d1gq2a1;43.3;28.6;50;26.1;48.4;37.5;22.2;30.8;43.8;31.8;33.3;35.3;33.3;26.7;28.6;25;27.8;38.9;44.9;33.3;33.3;46.6;33.3;20;26.7;21.4;44.2;37.9;42.1;21.4;51.3;31.2;46;37.5;30;39.1;28.6;43.8;52.4;34.4;34.6;41.9;39.6;30;39.2;23.5;35.1;35.5;46.5;40.4;38.5;31.2;32;39
d1d7oa_;25;37.5;51.2;30;0;23.3;9.1;34.4;30;40;34.3;29.7;15.8;52.4;45;21.4;30.4;39.1;41.2;33.1;46.9;36.9;41.3;47.2;43;44.7;43.1;38.7;38.5;43.3;43.3;46.4;36.2;34.5;34.8;31.9;35.1;45.2;40;43.2;35.1;43.7;32.4;49.1;19.2;34;39.9;37.8;22.2;22.6;33.3;37.9;25;41.3
d1yxma1;48.7;51.3;38.6;29.6;34.5;38.8;30.8;28.6;48;7.7;30.8;51.5;36;38.2;34.5;37.2;28.6;43.3;41.2;38.3;35.4;36.8;40.8;43.7;34.9;39.1;36.3;35.3;37.7;38.7;31.6;32.5;31;41.1;45.1;37.8;33;38.6;33.3;39.1;33.6;34.8;40.3;35.2;38.7;33.6;34.4;38.1;43.6;40.5;39.3;39.8;46;20
d1w6ua_;41.7;35.3;40;0;41.7;32;37.9;48.5;48.1;28.6;45.6;40.6;41.9;22.9;41;42.8;39.5;48.3;38.8;45.5;37.9;41;39.8;44.6;41.4;38.5;36.7;35.2;41.8;35;37.5;43.1;35.8;43.2;37.1;40.1;38.6;42.8;44.1;38.3;32.7;38;45.3;38.8;42.6;38.3;34;40.7;43.2;28;39.4;38.7;46.5;33.3
d1pj3a1;35.7;48.1;27.8;50;9.1;43.8;43.9;37.5;14.3;35.5;32.3;47.4;53.4;37.7;45.9;34.9;45;47.4;42.1;25;42.1;48.9;41.9;53.7;42.1;33.3;39.6;33.3;34.3;32;42.3;29.4;33.3;43.6;47.7;25;31.8;28.6;18.2;26.9;42.5;28.6;37.5;32;37.9;20;22.2;30.8;42.2;31.2;25.9;30;28;18.2
d1hwxa1;48.1;30.6;23.3;39.5;46.5;41.4;29.4;45.2;14.3;39.5;38.5;45.7;15.4;35.6;36;34.5;32;0;39.3;33.3;41.4;42.9;37;34.4;41.2;46.2;38.1;45.7;45.3;42.2;42.4;36.1;33.3;37;38.6;49.3;37.8;37.8;27.8;40;37.8;12.5;42.9;40.6;40.7;36.4;41.3;46.7;39.3;24.9;37.5;45.9;21.4;10
g1nhg.1;26.1;31.8;9.1;33.3;11.1;27.3;34.6;33.3;46.7;23.1;43.6;12.2;36.5;36.8;30;23.3;51;20;9.1;29.3;46.3;37.9;38.3;46.6;42.5;41.9;41.6;42.6;43.7;41.1;45.6;45;31.2;29.8;31;46.1;42.7;33.3;28.6;41;43.4;44.6;28.6;42.1;38.7;47;39;35.4;33.3;44.7;37.1;39.6;36.5;35.6
d1n5da_;34.9;31.2;46.4;0;33.3;25;0;44.3;29;46;35.7;33.8;37.3;25;40.9;48.2;12.5;52.6;40.4;32.1;37.6;39.3;45;50;37.1;41.3;41.6;39.2;39.4;39;38.8;48.1;27.7;37.8;45.2;40.5;37.6;48.3;39.1;38.6;47.9;39.6;39.7;40.6;42.9;46.1;44.8;45.8;41.2;31.8;46.8;47;38.6;40
d1u1ia1;33.1;21.4;45.3;39.1;47.9;26.7;34.8;47.2;42.2;50;38.5;38.1;29.4;25;18.8;36.4;35.7;22.2;33.3;40.8;37.5;45.9;10;35.8;0;7.1;34;48.6;36;45;40;44.7;34.3;43.1;18.2;49.1;48.5;30;35.3;45.2;40.4;42;10;33.3;48;33.3;41.4;41.9;47.2;45.9;14.3;45.5;21.4;22.2
d1lj8a4;28.6;26.7;33.3;42.5;45.8;27.3;46.4;31.2;44;41.7;50.7;0;40;21.4;30.8;28.6;26.3;37.8;22.7;41.7;22.2;27.3;32.4;42.9;43.8;30;33.3;50;26.7;20;19;46.7;44.9;50.4;33.3;25;40.2;43.2;43.5;36.6;35.3;25;16.7;26.7;27.8;20;35.3;50;20.7;25;38.5;25;33.3;35.7
d1jtva_;40;41.5;22.2;0;37.3;14.3;25;47.5;34.5;36;42.4;33.3;50.8;31.6;48.3;42.6;44.4;37;22.2;43.1;45.7;43.7;42.3;48.3;44.9;36.1;43.4;43.5;45.6;37.6;41.5;44.5;26.1;41.8;43.5;37;40;39.7;25;42.6;46.3;39.5;45;44;38.1;43.2;39.5;44.1;30.8;42.2;42;41;47.5;26.7
d1e7wa_;40;26.3;39;30.8;27.8;32.4;34.6;0;47.5;41.4;40.4;30;36;36.8;15.4;34.3;20;34.6;36.8;37.4;47.6;47.4;47.1;27.7;45.7;51.2;50;33.7;48;49;48.1;43.3;36.4;48.6;28.1;47.4;46.4;48.9;23.8;31.3;45;46.8;45.5;47.6;51.3;44.7;45.4;33.3;30;30;46.1;38.3;37.8;33.3
d1p33a_;24;39.6;30.4;26.9;33.3;32.4;30.8;0;29.2;20;38.5;34.8;32;40.7;43.5;45;35.5;28.6;38.6;40;47.2;49.8;46.3;25.5;45.4;50.2;46.9;46.9;48.5;48.3;44;40.4;45.9;47.5;39.3;46;45.9;49.3;25;45.6;45;46.7;47.1;47.9;54.7;43.9;45.9;35.4;37;45.3;47;38.8;41.9;37.5
d1vl0a_;46.3;45.1;25;45.5;39.1;21.4;44.4;41.3;33.3;42.1;47.6;9.1;52;41.4;6.7;33.3;33.7;39.3;0;34.9;45.5;28;35.5;28;45.3;33.3;46.6;25;32;44.2;42.4;38.6;44.7;38.7;40.8;44.6;35.7;34.4;15.8;15.8;17.6;40;36.8;31.2;44.2;42.4;31.3;34.4;42.9;30.2;50.9;32;46.6;41.2
d1vjpa1;43.9;44.4;40.9;50;35.3;20;35.6;41.9;28.9;52.1;26.9;37.5;41.9;46.9;26.7;32.4;45.5;0;20;37.5;26.3;41.5;41.1;40.9;33.3;29.7;26.3;38.5;31.2;35.5;41;39.6;0;32;41.2;45.8;41.2;49.4;51.9;43.8;40.6;26.3;32;26.7;43;43.5;43.2;32.4;34.1;35.7;41.1;42.2;27.8;43.9
d1bdba_;39.5;31.6;41.3;36.4;0;43.8;16.7;35.5;31.6;30.8;48.9;31;39.1;35;31.2;38.8;40;39.1;31;43.2;38.3;41.1;37.5;47.1;40;39.4;46.4;42.5;39.1;39.6;43.4;51.8;43.2;48.2;45.8;38.4;36.2;41.7;52.4;44.4;41.2;39.5;41.1;41.1;37.4;42.2;36.2;40;42.9;42.9;39.9;42.4;33.8;37.5
d1wmaa1;44.8;25;46.1;44.9;41.2;30.4;45.6;45.1;39.5;37.5;28.6;44.4;46.4;31.2;46;43.4;37;47.2;33.3;40.2;40.4;41.6;45.3;49;37.9;42.1;41.1;42.8;42;43.6;41.1;53.5;43.4;46.6;49.7;35.2;34.4;49.4;41.9;39.3;38.7;40.5;37.5;41.2;43.9;49.1;45;36.7;15.4;36.4;48;47.6;36.8;56
d2pd4a1;44.1;40;28;32.1;40.3;31.6;44.8;38.5;46.7;18.8;44.4;40.4;34.2;34.2;35.3;35.5;20;33.3;34.9;0;42;42.5;39.8;27.3;36.6;40.9;40.9;41.3;36.9;37.4;40.3;38.9;44.7;19.9;43.3;45.6;42.5;38.6;30.4;40.6;35.2;40.6;40.9;40.2;33;39.9;39.9;45.4;41.8;25;42.5;40;42.9;43.1
d1xsea_;38.3;36.7;42.3;40.7;31;41;21.4;34.5;39.1;47.1;38;31.8;44;46.2;42.5;44.4;36.4;28;27.6;39.7;35.9;38.6;43.1;41.7;44.4;41.4;44.5;38.9;36.5;41.4;38.7;50;44.7;41.3;42.9;40.5;44.1;37.4;47.7;42;38.2;37.7;25;43.3;39.1;35.8;38.9;42.2;40.9;28.9;42;43.3;23.5;35.7
d1xhla_;44.8;31.6;26.3;37;38.9;55.3;40;45.2;45.3;26.3;43;44.2;40.4;39.1;21.4;34.8;37.3;41.4;45.5;41.4;0;35.7;35.2;44.3;13.7;34.6;40.7;34;38.3;33.1;36.7;46.7;38.2;44.7;45.2;39.7;39.9;40.8;40.7;36.4;34.2;36.3;40.6;38;39.7;34;33;37.2;47.5;45.2;38.3;40.6;33.3;35.7
d1xkqa_;34.6;29.6;10;34.8;15.4;48.6;43.6;27.3;46.9;47.9;40.2;25;43.9;31.2;26.3;41.1;33.3;36.7;39.3;31.8;10;35.8;36.4;44;11;35.2;40.3;34.2;39.8;36.2;32.6;45.3;38.3;41.3;44;37.2;39.4;39.4;35.8;37.1;33.6;36;42.4;38.5;36.2;36;35.4;37.5;20;45.5;37.5;40.1;40.9;42.6
d1g0oa_;50;29;41.4;37;40;25;42.3;39.2;50.8;39;31.7;46.7;44;39.5;37;37.7;38.7;42.9;28;42.5;35.7;0;39;41.2;36.5;36.5;39.8;34.5;19.8;36.3;32.6;43.4;44.2;41;46.7;33.3;36;43.6;47.1;37.4;33.7;40.2;44.3;37.3;39.7;34;35;42;46.8;41;37.9;41.1;42.6;47.7
d1xu9a_;14.3;36.7;41.7;40.7;31;43.6;45.3;34.5;30.8;35.7;40;44.7;44;34.1;42.1;41.8;36.4;32.4;27.6;39.7;33.1;36.1;41.1;37.9;38.9;41.4;41.5;36.7;34.2;41.5;41.4;26.5;43.8;41;42.2;38.7;42.8;33.3;43.2;41.1;34.7;39.1;44.7;43.4;39.3;40;36.6;39.7;40.9;40.5;42.4;39.6;34;35.7
d2bgka1;29.6;39.3;33.3;25.9;40.6;44.8;26.9;32.1;43.5;28.6;28.6;36.4;32;25;29;35.9;45.7;37;35.5;39.8;35.2;39;0;44.9;34.6;35.6;38.3;34.8;40.8;30.5;40.4;45.4;16.7;42.7;43.7;38.5;36.8;36.1;9.1;32.8;34.1;32.8;31.8;34.2;36.1;36.5;33.2;34.7;38.7;32.1;35.8;38.1;27.3;44.2
d2h7ma1;41.8;35.7;34.8;30;42.9;26.3;29.2;42.9;23.1;33.3;45.2;34.5;32;22.6;13;42.6;40.9;25;35.7;32.3;47.1;45.7;48.8;45;45.5;45.2;47.3;47.8;48.1;47.8;44;40.5;41.9;37.6;47;46.4;47.4;47.3;38.2;48.4;42.9;43;34.1;46;44.7;47.3;45.6;47.7;34.2;34.2;48;47;32.3;43.5
d1mxha_;31.4;51.6;33.3;32;21.4;30.8;44;34.6;11.1;34.9;30.8;27.3;30.8;35;26.3;47.5;46.9;34.4;28;27.3;44.3;41.2;44.9;0;42;43.5;44.5;46.8;43.2;43.2;47;37.4;44.9;44.8;43.8;41;41.6;46.6;27.3;43.5;41.4;42.6;47.7;44.8;48.5;37.4;43.1;36.2;37.5;27.8;44.2;47.9;25;28
d1y5ma1;28.6;36.7;34.3;40.7;31;43.6;14.3;29.2;32.1;40.8;40;40.4;45.3;50.6;45.6;42.4;36.4;34.3;24.1;41.6;32.5;38.3;40.8;37.9;38.9;42;43.1;37.6;35.7;43.3;38.5;31.2;43.3;38.4;43.1;40.5;43.8;34.8;39;40.1;36.2;39.4;46;42.4;38;38.6;36.6;39.7;40;38.3;41.9;42;29.2;35.7
d1spxa_;18.8;26.5;11.1;39;41.2;24;34.6;26.9;21.4;39.7;44.4;39.6;40.4;40.6;20;37.2;45.7;41.2;45.3;36.6;13.7;36.5;34.6;42;0;37.9;40.7;34.6;38.8;34.1;33.7;45.8;40.3;42.8;43.8;39.6;37.3;39.5;43.5;34.8;32.9;36.1;39.2;38.9;38.6;34;35.4;37.9;20;20;41.6;39.3;44.4;37.5
d1geea_;40.4;40.7;29.2;49.4;45.8;40.9;38.1;43.4;25;40.5;39.4;48.3;20;37.8;44.4;37.2;42.5;31.8;44.2;46.3;33.2;29.8;33.1;37.6;32.4;35.1;37;33.3;30.1;30.7;32.7;42;37.9;41.5;42;31.8;34;36.4;40;31.3;29.3;27.9;36.3;32.9;38.4;29;28.3;33.7;41.4;45.7;33.1;35.6;26.1;0
d1zema1;35.3;28.1;40;33.3;47.1;28.6;39.1;43;44.7;37.3;25;25.8;45.7;20;42.9;33.8;46.2;46.2;33.3;40.9;34.6;36.5;35.6;43.5;37.9;0;37.5;37.6;35.1;26.4;39.3;49.1;40.3;45.8;42.9;34.4;34.8;39.8;44.3;39.3;32.3;34.4;33.8;38.5;32.3;35.5;34.2;37.3;42.4;37.5;38.4;42;31.8;33.3
d1x1ta1;22.7;33.3;8.3;37;52.5;11.1;38.5;36;36;42;30.8;42.9;40.9;41.7;42.9;35.3;36;43.9;28;41.2;38.7;37.4;36.8;44.5;39.3;29;41.5;36.8;36.4;32;39.4;44.5;40.4;43.5;44.7;36.6;31.2;36.2;34.9;37;35.4;35.4;42.6;35.3;40.9;33.3;30.7;38.2;15.4;41;36.9;37.6;38.5;46.7
d1h5qa_;41.4;23.3;34;44;25;25.9;39.1;46.4;38.5;38.7;50.8;38.9;16.7;43.3;35.7;39.7;39.6;38.1;46.6;40.9;40.7;39.8;38.3;44.5;40.7;37.5;0;35.5;37.2;38.2;37.1;46.9;48.1;41.2;45;39.6;43.5;41.4;40.5;37.7;31;40.2;39.6;41.7;42;34.4;33.9;37.1;43.8;37.5;31.6;38;33.3;42.3
d2fr1a1;37.3;42.9;26.7;45.8;44.7;25;35.5;47;25;25;44.8;29.4;36.1;32.3;45.1;42.9;52.3;33.3;22.2;42.9;35.3;40.2;40.6;36.4;45;43.3;38.5;42.1;33.3;44.4;40;35;39.2;45.6;36.4;46.3;43.2;50.5;43.2;22.7;27.8;40;42.4;36.7;42.6;34.3;47.5;45.8;40;38.9;40.9;26.1;42.9;45.8
d1xq1a_;50;37;47.4;43.6;39.6;33.3;31.6;47;40;34.5;23.5;23.3;26.7;35.3;45;37.1;40;45.7;25;41.3;34;34.5;34.8;46.8;34.6;37.6;35.5;0;37.4;37.2;16.4;42.6;42.3;44.1;45.2;40.5;38.8;38.1;45.2;37.1;30.6;38.6;39;37.1;41.9;32.5;31;36.4;46.1;46.1;36.4;35.2;33.3;22.2
d2ae2a_;40.6;39.1;42.2;36.1;21.4;22.2;34.1;38.1;50;30;41.7;47.7;45.6;40;44.1;39.1;29.3;40.6;43.9;37.5;35.5;33.9;38.6;47.2;34.5;36.6;36.4;16.1;35.7;33.2;10.5;42.1;40.8;40.9;43.1;37.9;35.5;39.5;20;34;33.1;34.8;38.3;37.7;38;33.6;34.1;36.5;48;40;37.1;40.6;25.9;26.3
d1ja9a_;35;41.4;39.5;44.4;40;32.1;37;43.2;25;30.2;39.6;27.8;42;40.9;20;31.6;46.2;45.3;32;36.9;38.3;19.8;40.8;43.2;38.8;35.1;37.2;37.4;0;35.7;37.2;42.3;41.5;41.1;36.6;31;38.9;44.1;30.8;38.6;31.2;33.5;41;35.7;31.1;31.2;32.7;40.9;11.1;30;35.4;38.4;10;37.5
d1oaaa_;28.6;20;35.5;16.7;18.2;18.2;16.7;46;40.7;21.7;29.2;43.9;9.1;35.6;16.7;18.8;25;36.4;29.4;44.2;36.1;9.5;19;46;36.2;43.1;42.6;40;29.6;40.3;38;43.9;7;31.2;47.2;42.5;40.5;48.5;36.4;39.5;40.7;46.9;43.4;5;20.8;41.3;39.7;43;42.2;40.9;43.8;25.6;28.6;37.5
d1iy8a_;22.2;27.6;36.4;48.6;16.7;43;23.5;34.5;36.8;18.8;27.6;47.5;46.5;38.1;16.7;37.3;42.6;42.2;44.2;37.4;33.1;36.3;30.5;43.2;34.1;26.4;38.2;37.2;35.7;0;32.9;45.9;44.7;45.5;46.6;32.8;34.9;32.9;37.7;36.7;38.5;34.1;36.9;37.2;39.5;32.5;36.1;34.9;46.4;44;32.9;41.9;47.4;28.6
d1qsga_;18.2;49.1;40.5;37.5;9.1;43.6;40;43.2;38.1;21.4;34.8;39.6;44;33.3;45.3;18.2;50.5;28.6;28.6;21.2;43.3;41.1;42.8;45.7;43.4;42.8;45.5;39.7;41.1;41.6;40.5;40;25;18.8;43.8;47.3;45;45.5;30;43.1;34.1;43.8;41.9;40.7;46;41.9;37.8;45.2;26.7;30;42.6;41.8;48.8;34.6
d1ae1a_;34.3;36.6;42.2;43.3;22.7;10;41;45.2;44.2;40.3;50;42.7;41.8;20;38.9;36.1;47.3;42.4;42.4;40.3;36.7;32.6;40.4;47;33.7;39.3;37.1;16.4;37.2;32.9;0;31.2;40.3;42.2;39.7;40.3;38.3;36.9;31.6;35.1;35.1;37.3;40.8;40.3;46;33.1;33.7;33.5;40;36;35.6;38.5;32.6;23.5
d2rhca1;36.7;25;25;41.4;38.3;42.6;31.6;42.1;33.3;33.3;39.8;24.3;37.3;44;34.5;37;41.8;20;20.8;40.2;34.9;36.6;38.9;45;36.8;34.4;40.1;35.8;36.9;35.2;32;34.2;43.4;41.2;41.8;37.3;38.1;41.1;42.5;40.4;32.7;40.3;41.4;40.9;41.3;34.9;33.1;39.4;29.4;43.1;33.1;35.3;40.6;30
d1fjha_;28.6;31.6;46;28;40.5;32;43.6;41.4;37.5;36.6;37.9;34.9;30.8;49.4;44;35.7;34.7;36.1;38.6;38.9;46.7;43.4;45.4;37.4;45.8;49.1;46.9;42.6;42.3;45.9;31.2;0;35;40;41;50.2;25.9;46.1;32;33;35.6;46.1;46.4;39.4;44.7;46;45.7;44.1;40;27.8;49.4;47.3;40;42.1
d1xg5a_;25;32.1;25;25;37.2;38.5;29.5;23.8;0;25;24;22.7;27.6;30;23.8;46.5;34.6;39.3;28;42.1;44;35.6;34.9;45.2;40.1;41.8;39.3;37.6;36.6;39.4;41.2;49.1;43.1;43.5;44.8;38.5;36;40.3;35.7;40.2;32.1;38.2;37.6;39.6;39;37.8;37.2;38.8;34.6;45.6;39.1;39.8;31;36.4
d1z6za1;18.2;20;26.1;18.8;31.2;33.3;18.8;26.7;11.1;38.9;33.3;31.2;48.9;21.4;37;43.6;40.5;33.3;44.7;44.7;38.2;44.2;16.7;44.9;40.3;40.3;48.1;42.3;41.5;44.7;40.3;35;0;41.5;47.2;41.3;43.4;45.7;35.7;41.3;40.3;43.6;44;42.9;44.5;41.5;41.3;46.3;37.8;20;44.9;44.4;33.3;14.3
d1k2wa_;33.3;32.4;40.7;49.2;46.6;27.3;37.9;43.5;40;38.2;48.4;29.6;33.3;44.4;30;37.2;47.4;34.8;48.9;41.5;35.2;35;35.3;42.9;37.4;30.3;39.1;36.2;37;33.6;35.8;47.4;38.7;43.6;45;28.8;32.3;38.5;39.3;37.6;31;34.1;37.2;34.5;34.7;28.5;31;32.3;12.5;12.5;33.6;39;42.9;27.8
d1ulua_;31.6;18.2;35.3;43.2;40;30.6;40.7;27.3;46.7;27.3;22.2;39.7;37.9;36.4;7.7;48.4;26.3;37;38.7;19.9;44.7;41;42.7;44.8;42.8;45.8;41.2;44.1;41.1;45.5;42.2;40;41.5;0;23.1;43.7;44.2;44.2;42;42.1;43.1;44;47.6;41.7;50;40.8;43.4;43;30.4;41.3;42;41.9;21.1;33.3
d1bgva1;34.1;43.8;33.3;37.5;23.5;45.7;28.6;34.6;46.1;23.5;33.3;23.1;45;43.6;38.1;32.4;44.8;43.2;41.4;32;24.2;28.6;28;31.4;33.3;32.3;46.8;38.7;21.7;29.7;25.7;39.5;40.5;30.4;26.5;51.4;22.2;38.5;44;16.7;25;23.1;43.8;47.8;41.4;16.7;38.5;30;36.8;38.3;28;36.1;31.2;28.6
d1mg5a_;12.5;21.4;37.5;42.3;55;23.1;47.2;40;30;15.4;32.4;30;30;41.7;21.7;48.4;43.3;38.6;40.8;43.3;45.2;46.7;43.7;43.8;43.8;42.9;45;45.2;36.6;46.6;39.7;41;47.2;23.1;0;44.6;34.2;42.6;31.4;43.7;36.9;50;43.3;43;40.9;40.1;44.2;47;12.5;12.5;38.4;47.1;36.1;20
d1e6wa_;21.4;24;38.9;18.2;37;46.6;27.3;32.1;30.6;48.8;35.7;17.6;16.7;33.3;42.9;41.4;36.8;22.2;31;36.7;44.8;42.8;33;45.8;40;32;41.6;37.2;41.5;35.8;38.3;45.2;42;46.8;43.3;39.3;38;36.1;27.3;38.8;33.9;36.8;2.8;40.3;40.7;34.3;36;35.6;22.2;41.9;36.3;45;35.1;51.7
d1gega_;38.2;35.7;35.7;33.3;45.7;34.8;35.7;45.3;41.2;39.5;37.5;21.4;44;41.4;30.8;34.3;24;49.3;44.6;45.6;39.7;33.3;38.5;41;39.6;34.4;39.6;40.5;31;32.8;40.3;50.2;41.3;43.7;44.6;0;35;36.7;41.9;38.2;34.7;36.5;34.6;33.3;31.4;31.3;34.3;38;38.1;43.1;38.2;40.1;23.1;45
d1fmca_;41.7;51.6;33.3;39.6;40;33.3;28.6;32.1;50.8;33.3;29.8;42.7;22.2;36.1;45.4;36.4;8.3;43.9;27.6;34.1;35.4;34.1;33.2;43.2;36.7;36.7;34.1;34.7;33.5;34;35.9;46.8;40.1;36.1;47.6;35.3;37.2;37.4;10;37.4;27;31.6;33.5;32.2;36.2;29.4;33.1;35.5;45;41.5;35.4;33.9;43.1;36.4
d2gdza1;50;39.3;42.9;29.6;30.4;45.7;34.6;46;27.6;23.8;45.3;33.3;36;20;43.7;38.6;40;37.8;35.7;42.5;39.9;36;36.8;41.6;37.3;34.8;43.5;38.8;38.9;34.9;38.3;25.9;43.4;44.2;34.2;35;0;37.8;31.2;36.4;32.7;31.2;38.5;31.6;35.1;33.2;31.7;37.5;45.5;46.3;39.5;40;23.8;25
d1sbya1;37.5;33.3;31.8;31.6;52.9;33.3;46;36.1;33.3;40.4;34.2;30;42.9;38.9;24.1;42.5;43.5;26.7;37.5;35.5;42.1;43.8;43.7;45.1;43.1;39.7;43;44.4;35.2;42.7;38.4;35.9;45.3;41.6;5.2;42.9;34.6;39.7;20;43.3;37;48.4;43.3;39.7;41.9;41;42.3;45.6;28.6;38.7;37.6;40;35.3;29.7
d1hdca_;10;26.1;37.9;12.5;29.4;29.6;39.3;44.4;30;38.3;32.3;33.3;40.7;50.9;37.5;43.1;44.2;37.8;34.4;38.6;40.8;43.6;36.1;46.6;39.5;39.8;41.4;38.1;44.1;32.9;36.9;46.1;45.7;44.2;42.6;36.7;37.8;0;33.3;30.9;35.4;36.1;35.4;39.8;39.7;35.6;35.8;36.2;20;18.2;35.6;43.6;44.7;25
d1hxha_;16.7;17.6;33.3;25.9;25;35.7;26.9;28.6;16.7;28.6;43.9;39.3;28;48;25;40.7;43.4;40;25.8;39.9;35.7;36.4;37.3;42.5;34;39.5;42.4;40.8;37.5;34.2;36.5;41.5;43.4;42.9;40.8;37.3;34.2;32.1;36.7;29.7;37.9;34.1;37.3;35.5;38.5;36.7;37.1;38.3;51.8;48.3;38.4;43.2;22.2;36.4
d2q46a1;25;47.5;37.8;35.7;20;46.1;48.1;41.9;35.3;31.8;36.8;28.6;36.8;26.1;46;45.1;36;27.8;15.8;30.4;40.7;47.1;9.1;27.3;43.5;44.3;40.5;45.2;30.8;37.7;31.6;32;35.7;42;31.4;41.9;31.2;33.3;0;44.4;38.5;44.2;27.3;42.6;39.4;36.1;43.5;41.5;40;37.1;42.4;46.6;50;12.5
d1zmta1;39.6;31.2;20;33.3;36.8;51.8;25;49.3;21.1;33.3;33.3;50;16.7;46.9;36.7;30.5;27.6;34.6;35.7;44.3;47.2;32.7;39.5;48;42.1;44.4;43.9;42.9;43.6;44;41;37;40.8;45.2;42;49;42;47.8;35.7;42.7;38;43.3;44.4;38.4;46.4;41.1;37.8;39.1;40;38.2;39.8;35.6;30.8;25
d1zk4a1;26.3;40.3;39.5;33.3;40.6;31.6;34.6;35;41.4;27.8;46.5;25.9;39;40.5;33.3;38.1;25;40;15.8;40.6;36.4;37.4;32.8;43.5;34.8;39.3;37.7;37.1;38.6;36.7;35.1;33;41.3;42.1;43.7;38.2;36.4;30.9;44.4;0;34.5;35.5;40;42.7;40.3;34.2;35;36.1;30.8;27.3;35.8;39.4;36;42.9
d1vl8a_;41.9;10;46.3;37;17.6;54.1;38.5;46.6;43.1;41.4;44.4;47;42.9;33.3;42.1;34.1;44.9;25.8;43.9;34.9;36.4;33.2;34.5;41.7;37.2;35.3;28.1;30.6;36.3;32.7;26.2;46.2;45.6;34.4;43.7;35.5;31.2;36.1;36.2;30.3;27.9;30.6;35;33.6;35.3;29.5;27.6;29.6;26.3;45.4;32.2;35.1;23.1;40
d2c07a1;26.7;29.4;40.5;40.3;40;31;15.4;40.6;40;47.8;38.8;40.8;38.9;37.8;36.1;35.7;33.3;37.8;17.6;35.2;34.2;33.7;34.1;41.4;32.9;32.3;31;30.6;31.2;38.5;35.1;35.6;40.3;43.1;36.9;34.7;32.7;35.4;38.5;35.2;0;34.1;35.7;32.5;34.9;17.4;16.2;29.3;25;27.5;23.3;31.8;39.6;40
d1yo6a1;27.3;44.7;31.6;42.6;25;37.5;33.3;35;43.6;15.4;33.3;41.7;40.9;42.7;44;9.1;37.5;25;28.6;42;44.1;40.8;44;37.5;41.6;45;44.4;42.8;43.5;43.7;44;47.7;43.5;45.2;48.5;43.6;45;43.8;34.1;43.2;42.1;43.6;47.2;47.4;43.4;41.8;42;29.3;27.3;40.2;43.4;47.5;37.5;33.3
d1ydea1;43.4;35.1;34.5;40;14.3;10;43.4;35.6;42.9;27.3;48.2;39.7;39.1;33.3;31.8;41.1;20;12.5;40;40.6;36.3;40.2;32.8;42.6;36.1;34.4;40.2;38.6;33.5;34.1;37.3;46.1;43.6;44;50;36.5;31.2;36.1;44.2;35.5;34.1;0;34.6;36.8;37.9;36.6;30.9;35.3;28.9;44.3;37.1;35.3;43.8;10
d1snya_;27.3;48.9;38.3;33.3;37.5;50;41.7;45.8;16.7;39.7;34.5;43.6;40;43.8;34.5;25.7;30;15.4;31.8;40.9;46.2;42.6;45.5;40;43.4;44.3;47.3;44.4;46.9;45;44.1;48.7;39.1;46.1;44.6;43.3;48.4;49;37.5;42.3;38.4;43.5;41.1;47.7;46.3;44.8;41.2;35.7;35.7;31.2;45.7;44.3;41.8;50
d2o23a1;34.6;29.3;37;29.7;27.3;36.8;34.8;32.1;25;29.4;21.4;21.4;18.2;33.3;50;41.7;36.8;42.9;36.8;40.9;40.6;44.3;31.8;47.7;39.2;33.8;39.6;39;41;36.9;40.8;46.4;44;47.6;43.3;34.6;38.5;35.4;27.3;40;35.7;34.6;0;38.6;41.4;35.3;36.4;36.2;48.1;43.2;37.1;45.2;29.4;50
d2d1ya1;18.5;40.6;51.3;47.7;35.7;28.6;38.7;49.2;27.8;35.7;41.9;43.1;32.4;37.5;43.9;38.8;37;34.6;41.4;38.9;37.4;32.5;31.7;44.1;37.8;38;39.7;38.9;36.7;32.8;38.7;39.7;50;42.1;41.9;36.8;37.2;36.7;42.3;33.9;32.1;33.2;32;34.7;40.4;37.6;35.1;32.2;28.6;42.6;31;36.5;46.2;23.1
d2ew8a1;37.5;25;16.7;33.3;45.1;32;34.6;10;13.3;28.6;35.7;21.4;40.5;16.7;33.3;35.8;44.4;40.6;31.2;40.2;38;37.3;34.2;44.8;38.9;38.5;41.7;37.1;35.7;37.2;40.3;39.4;42.9;41.7;43;33.3;31.6;39.8;42.6;42.7;32.5;36.8;38.6;0;37.5;32.9;30.3;31.6;25;25;33.6;35.8;50;14.3
d2ag5a1;8.3;36.8;44.9;39.3;23.1;30.8;32.4;44.3;16.7;38.5;41.3;30;20;38.1;23.5;34.2;40.3;46.3;43.3;38.5;38.5;38.5;37.6;35.4;39.1;35.8;40.9;33.3;37.4;32.4;35.5;43.4;46.9;45;47.4;41.8;35;41.8;46.5;38.8;28;37.8;41.5;38.6;35.2;35.8;29.9;34.4;36.8;36.8;37.3;37.8;45.1;27.3
d1yb1a_;38.9;18.2;34.8;36.4;44;10;34.5;31.6;34.6;36.4;41.5;38.7;44.2;37.5;45.2;43.9;31.8;40.7;44.2;33;39.7;39.7;36.1;48.5;38.6;32.3;42;41.9;31.1;39.5;46;44.7;44.5;50;40.9;31.4;35.1;39.7;39.4;40.3;34.9;37.9;41.4;37.5;0;35.1;32.4;39.6;25;41.5;40.6;38.1;42.6;27.8
d1gr0a1;19.2;32.3;20;39.3;42.2;12.5;39.7;38.9;23.8;26.7;44.9;31.6;43.8;37.5;39.4;35;20;33.3;43.5;45.2;44.2;42.9;30;25;33.3;36.8;31;43.9;27.3;41.4;38.5;36.8;33.3;25;21.4;46.4;18.8;46.7;47.4;36.7;36.8;23.1;43.5;26.7;33.3;39.1;38.9;45.6;30.8;33.3;25;25;30;44.1
d1nffa_;37.1;46.2;36;39.1;18.2;31;47.4;38.1;23.3;34.8;29.4;28.9;39.4;31.4;45.6;38.8;29.2;18.8;0;41.4;39.8;39.6;33.5;44.6;38.4;40.4;39.3;35.9;40.7;35.9;40.7;46.2;46;46.6;45.4;34.1;38.2;25.1;31.2;30.4;36;35.2;37.7;35.8;42.2;33.8;31.2;33.3;34.3;34.1;36.9;42.1;29.6;41.2
d1pr9a_;41.2;27.3;42.9;50;46.3;30;43.5;37.9;38.2;36.8;48.1;21.6;42.4;42.9;28.6;39.4;42.9;37.8;32.5;36.2;34.7;40.9;39.1;45.4;39.4;35.5;35.3;35;41.6;37.6;37.3;40.1;42.5;40.8;41.6;41.4;39.2;36.9;48.4;39.7;32.8;38.4;39.6;38.9;40.1;36.1;31.1;35.3;35.9;45;33.3;39.8;40.6;0
d1edoa_;43.6;37;42.2;28;40;33.3;38.5;41.4;18.2;35.3;40.4;35.7;20;41.9;29.4;32.9;40;36.4;42.4;39.9;34;34;36.5;37.4;34;35.5;34.4;32.5;31.2;32.5;33.1;46;41.5;40.8;40.1;31.3;33.2;35.6;36.1;34.2;17.4;36.6;35.3;32.9;35.1;0;22.5;29;26.5;27.8;30;37;44;50
d2bela_;14.3;36.7;42.4;40.7;31;43.6;45.3;34.5;30.8;35.7;40;44.7;44;34.1;42.1;41.8;36.4;32.4;27.6;39.7;33.1;36.1;41.1;37.9;39.5;41.4;40.9;37.5;34.8;41.5;41.4;26.5;43.8;41;42.2;38.7;42.8;33.3;43.2;41.1;34.7;39.1;44.7;43.4;39.3;37.5;36.6;39.7;40.9;40.5;42.4;39.6;34.1;35.7
d1q7ba_;31.6;29;35.5;34.5;41.2;22.7;39.3;37;45.6;45;49.6;14.3;40.7;34.6;42.9;30.3;38.6;41.3;31.3;39.9;33;35;33.2;43.1;35.4;34.2;33.9;31;32.7;36.1;33.7;45.7;41.3;43.4;44.2;34.3;31.7;35.8;43.5;35;16.2;30.9;36.4;30.3;32.4;22.5;0;27.2;29.4;29.4;21.6;31.8;47.1;33.3
d2b0ja2;38.5;40.6;11.1;30;41.7;43.8;33.3;46.8;44.2;21.1;46.4;22.2;23.5;42.5;45;8.3;38.1;44.8;51.1;22.7;48.3;47.2;20.7;38.1;26.7;46.5;42.9;25;25;41;49.4;39;40;33.3;37.9;19;35.3;20;25;16.7;27.6;43.1;43.4;8.3;31;21.9;33.3;47.5;37.9;35;30.3;43.1;26.7;20
d1v9la1;26.7;37.5;35.3;44.3;41.7;0;44;40;20;47.6;42.3;27;34.4;35.7;7.7;32.4;45.2;28.2;35.7;40.2;32.1;41.5;26.9;38.1;33.3;41.3;29.2;29.4;38.7;33.3;42.9;46.4;38.9;44.4;41.4;41.2;39.4;43.5;23.1;42.2;36.4;34.5;34.3;39.4;38.6;35.7;47;40.9;28.2;27.5;48.3;39.8;22.2;33.3
d1cyda_;36.4;27.8;41.4;0;37.7;46.7;42.4;45.6;0;46.6;45.9;42.4;46.9;21.1;28.6;39.1;32;30.3;30;29.5;36.5;39.8;36.7;42.2;38.7;39;34.8;39.3;41.2;40.1;36.6;41.2;40.1;41.7;42.7;39.5;40.4;38.6;44.9;38.4;33.1;37.6;39.7;40.5;41.6;36.7;32.2;35.7;42.1;21.4;35.4;36.8;35.5;33.3
d1ulsa_;36.4;45.5;44.8;39.1;28.6;29.4;45.1;49;38.9;36.4;48;50;20;28.2;46.9;38.5;41.3;46.7;34.4;45.4;37.2;42;34.7;36.2;37.9;37.3;37.1;36.4;40.9;34.9;33.5;44.1;46.3;43;47;38;37.5;36.2;41.5;36.1;29.3;35.3;36.2;31.6;39.6;29;27.2;0;37.3;34.8;30.9;35.6;22.7;38.1
d1uaya_;25;28.6;33.3;40;25;26.5;40;48.8;29;46.9;45.8;33.3;44.6;35.1;33.3;45.3;52.9;27.3;33.3;19.4;42.4;47.7;40.7;47.4;43.1;33.7;41.5;39.6;47.5;39.2;42.7;40.5;46;49.8;48.1;42.9;41.2;41.4;38.3;43.2;39.5;40.2;22;45.5;40.9;39.8;37.2;36.4;34.3;38.1;35.1;39.4;35.7;35.3
d2a4ka1;0;39.7;28.6;39.2;45.1;41.7;28.6;49.6;35.3;39.1;39.7;30;50;40.9;32.2;36.9;35.3;39.7;32.5;38.1;31.4;37;34.4;42.6;35.7;34.4;39.9;34.6;35;31.8;34.3;47.4;42.9;40.8;46.9;36.9;33.5;36.4;39.1;37.4;32.1;35.9;35.8;36.4;35.3;32.4;30.8;17.8;36.6;34.5;32.3;38.8;19;36.8
d2bd0a1;30;34.2;37.5;41.9;43.8;36.8;47.1;42.7;34.6;31.8;42.9;49.4;38.5;33.3;29.2;38.6;25;43.2;21.4;40.9;42.4;37.6;44.2;41.2;41.4;40.9;41;39.8;36.6;33.8;35.6;16.7;42.9;45.9;46.4;39.4;40.9;40.4;21.4;48.4;36.8;37.5;47.7;40;39.6;37;35.5;39;35.7;35.7;40.5;43.8;27.8;25
d1gtma1;30.6;33.3;40.9;42.9;32.4;33.3;31.8;44.3;25;32.5;26.7;33.3;23.1;46.5;45.2;47.1;38.3;39.3;42.9;41.8;47.5;46.8;38.7;37.5;20;42.4;43.8;46.1;11.1;46.4;40;40;37.8;30.4;12.5;38.1;45.5;20;40;30.8;25;28.9;48.1;25;25;26.5;29.4;37.3;0;4.6;46.9;48.6;35.1;17.6
d1euza1;31.2;38.8;21.4;41.2;23.8;54.9;46.6;45.9;40.9;41.1;37.5;44.7;35.7;31.4;45.2;32.4;33.3;26.2;30.3;21.4;35.1;36.5;35.3;25;34.8;35.9;27.5;46.1;11.1;41.5;18.2;49.3;37.3;45.2;12.5;33.3;35.1;40;47.5;50.8;22.5;44.7;38.6;25;37.7;26.5;29.4;37.3;6.3;7.1;33.3;47.2;35.1;17.6
d1bvua1;43.9;41.5;27.6;38.2;23.8;28.6;20.8;45.1;48.6;49.6;40;44.7;51;25;45.8;25;46.7;24.9;30.2;25;45.2;41;32.1;27.8;20;37.5;37.5;46.1;30;44;36;27.8;20;41.3;12.5;43.1;46.3;18.2;37.1;27.3;27.5;44.3;43.2;25;41.5;27.8;29.4;34.8;4.6;0;21.1;42.5;40;10
d2nvwa1;16.7;22.2;47.4;44.7;40.5;40.7;41.9;35.9;52.4;21.4;47;38.9;36.4;20;41;31.7;44.3;47.3;35;40;30.4;42.6;37;35.1;40;33.3;27.3;32.4;39;20.8;42.2;37.5;8.3;26.3;26.9;31.2;20;36.8;54.5;39.3;8.3;11.1;35.5;42.9;35.1;11.1;10;30.8;28;41.4;20;22.2;39;40.7
d1uzma1;39.4;33.3;35.5;39.7;15.4;42.6;22.7;46.8;39.1;40;42.7;26.2;40;50;34.6;34.6;38.1;37.5;50.9;42.5;38.3;37.9;35.8;44.2;41.6;38.4;31.6;36.4;35.4;32.9;35.6;49.4;44.9;42;38.4;38.2;39.5;35.6;42.4;35.8;23.3;37.1;37.1;33.6;40.6;30;21.6;30.9;46.9;21.1;0;34.3;29.4;39.3
d1dhra_;31.2;43.3;35.7;22.2;31.2;37.5;30;38.9;31.2;35.3;40.4;19;38.9;21.4;22.2;43.9;45.6;22.2;39.3;33.3;41.5;40.5;37.5;44.9;30.4;30.6;49.4;43.9;27.9;47.4;23.7;20;50;29.2;42.3;49.4;48.9;31.7;51.6;38.7;33.3;44.9;40.3;35.9;36.4;36.1;47;44.4;33.3;33.3;33.9;16.7;26.7;42.3
d1ooea_;34.6;40;42;40.6;32.1;51;37;48.6;25.7;41.2;40.7;15.4;37.9;46.5;25;36.4;58.2;44;35.5;42.9;31;44.2;33.3;39.1;36;45.5;43.2;43.4;37.5;47;35.4;46.1;51.9;45;26.3;47.9;0;34.4;47.1;47.2;34.9;41.8;40;43.6;39;27.8;44.3;43.5;30.3;33.3;32.1;25;34.2;40
d1b26a1;34.8;36.5;16.7;42.1;28;39.4;37.5;36.8;33.3;38.5;40;45.3;28.6;35.3;52.1;28.6;42.2;38.3;35.7;30;22.7;7.7;28.9;45;17.2;30.3;16;10;35.2;37;38.1;28;41.2;41.8;21.4;27.8;28.6;37.5;42;22.2;42.1;29.2;43.5;31.6;11.1;36.4;11.1;42.9;19.6;20.1;46.2;38.9;34.3;30
d1o5ia_;27;36.8;41.5;44.1;18.2;48.4;48;38.6;43.2;45.8;30;26.2;35.3;44.9;45.7;47.4;28.6;45.9;32;40;40.6;41.1;38.1;47.9;39.3;42;38;35.2;38.4;41.9;38.5;47.3;44.4;41.9;47.1;40.1;40;43.6;46.6;39.4;31.8;35.3;45.2;35.8;38.1;37;31.8;35.6;48.6;42.5;34.3;0;22;30.8
d2bkaa1;15.8;37.5;33.3;39.2;43.3;20;49.7;50;19;26.3;36.4;13.3;29.2;31;27.3;35.1;30.4;10;22.2;45.7;33.9;33.3;28.6;26.7;46.3;38.6;40;33.3;11.1;33.3;34.1;33.3;31.6;21.1;36.1;23.1;28.6;46.8;49.7;33.3;50.7;0;36.4;28.6;42.6;44;34.6;25;43.9;45.3;47.1;28;3.9;27.8
d2fmua1;16;21.4;33.3;39.2;33.3;43.9;49.7;48.5;22.7;45.3;25;36.5;33.3;27.8;26.9;44.6;40;21.4;46.6;42.9;33.3;42.6;27.3;25;44.4;31.8;33.3;33.3;10;47.4;32.6;40;33.3;21.1;36.1;23.1;23.8;44.7;50;36;39.6;43.8;29.4;50;42.6;44;47.1;22.7;35.1;40;29.4;22;0;27.8
d1leha1;40;37.7;25;40.3;39.2;37.7;32.4;32;40.6;47.1;41.7;37.5;31.2;39.5;20.8;33.3;37;47;24.2;27.8;46.7;29.6;40;30.8;37.7;35.3;13.3;36.4;31.7;29.5;33.3;45.8;41.5;49.5;43.9;36.2;41.7;38;30.4;30.9;38.5;40.3;30.2;35.9;36.2;21.2;33.3;38.5;39.4;44.6;36.5;35.2;31.8;37.9
d1qmga2;31.2;28;16.7;36;33.3;43.5;7.1;12.5;35.7;26.3;49;45.5;25;40.7;31.2;42.9;9.1;31.8;25;37.8;18.8;44.4;40.4;11.1;25.9;44.9;12.5;31.6;42.5;23.8;42.5;34.3;0;37.5;25;43.6;0;37.3;39.1;30.8;45.6;40.7;28.6;25.8;25;10;29.3;34.8;24.1;35.3;38.5;40.9;18.2;37.5
d1vl6a1;20;34.4;49.1;42.9;15.4;32.1;37.1;44.8;20;33.3;7.1;15.4;30.4;11.1;50;36;33.3;35.8;23.1;31;30;37;35.8;38.5;38.6;36.8;47.4;13.3;40;34.3;34.4;30;43.8;40.4;37.5;40.4;38.1;41.2;36.8;40.5;33.3;57.4;40.6;11.1;23.8;32;35.1;43.5;24.2;40.4;24;25;38.1;38.7
d1h6da1;26.7;28.6;14.3;53.3;44;52.6;26.1;45.5;23.1;39.3;20;35.6;28.6;45.8;47.1;20;30.8;10;41.2;43.1;35.7;47.7;44.2;28;37.5;33.3;42.3;22.2;37.5;28.6;23.5;42.1;14.3;33.3;20;45;25;25;12.5;42.9;40;10;50;14.3;27.8;50;33.3;38.1;17.6;10;39.3;30.8;27.8;0.5
d1jaya_;40;32.1;27.8;34.1;34.8;24;34.9;35.7;47.7;28.6;41.2;32.1;18.2;41.2;39.4;45.5;34.3;21.1;32.1;38.7;25;26.4;28.9;30.3;26.3;32.5;28.6;48.7;27.1;35.3;25;38.5;35.7;43.1;40.5;25.5;32.6;34.5;26.7;26.8;32.7;34.1;35.5;16;42.5;32.7;28.2;45.5;42.7;44.6;26.7;28.6;42;44.2
d2a35a1;35;42.6;31.8;21.7;18.8;47.2;25;30;18.2;44.4;25;13.3;34.8;15.4;50.4;30;47.2;54.7;13.3;28;35.8;42.9;43.1;36.8;39.2;48.6;35;38.3;40;42.9;45.5;46;44.2;53.8;30;45.5;31.2;42.9;46.2;40.6;20;40.6;35.7;28.6;38.5;33.3;20;46;0;0;28.1;40.5;35.8;34.6
d2fr1a2;28.6;46.4;25;32.4;23.8;41.3;45.8;35.3;45.7;51.2;47.7;38.2;16.7;34.4;48.6;29.2;38.5;27.8;25;41.5;41.9;23.1;48;46.7;40.7;45.6;42.5;36.8;37;22.7;45.8;22.7;35.6;37.3;0;42.7;38.5;44;28.6;11.1;27.3;47.4;0;35.7;33.3;16.7;18.2;37.5;40;29.2;13.6;42.2;33.3;26.9
d1hdoa_;35.1;37.9;35;47.5;45.2;32.5;47.4;49.3;46.3;37.9;47.8;9.1;48.1;49.7;41.9;36.8;18.2;44.2;25;35.6;42.3;16;46.7;40;41.3;40;37.1;36.4;21.1;46.8;0;18.8;23.1;35;15.4;36.7;46.3;45.2;38.2;38.2;28.6;48.5;46.4;33.3;47.4;38.3;27.3;45.3;44.2;25;46.7;50;43;39.1
d1qkia1;12.5;22.2;33.3;44.4;33.3;16.7;38.9;30;25.8;31.8;39.4;39.1;45.8;12.5;42.6;41.8;40.6;30;8.3;14.3;34.8;14.3;40;21.4;30;54.3;45.2;36.4;11.1;37.8;32.4;37.5;38.7;30.8;29.4;43.5;21.4;28.6;25;21.4;30.4;11.1;39.4;10;36.8;28.6;16.7;37.9;30;30;36.4;33.3;25;23.5
d1mv8a2;0;38.5;32.3;42.9;25;30.4;36.7;23.8;36.8;48.5;40.9;29.4;42.9;18.2;38.9;35.1;41.7;48.5;40.5;37.8;33.3;40.9;45.1;10;27.3;32;35.9;38.9;49.3;37.2;43.6;23.1;35.7;40.9;11.1;43.2;23.5;46.4;46.4;42.9;33.3;37.5;29.7;41.5;34.9;41.2;30;37.9;20;41;49;37.5;46.1;33.3
d1c1da1;12.5;0;16.7;45.8;16.7;35;32.1;25;31.2;40.7;23.1;32;34.8;34.6;35;36.4;23.1;46.3;34.9;23.8;39.4;31.1;40.3;35.6;38.7;49.2;39.3;44.4;37.1;37.2;39.6;40.7;15.4;31.4;46.8;43.8;42.9;30.8;35.7;25;22.7;23.5;38.7;36.9;53;40;35.7;34;42.3;39.5;20;37.3;21.4;39.1
d1dxya1;36.7;47.6;16.7;30.8;31.6;35.3;37.8;30.4;33.3;26.7;39.2;52.7;28;27.3;50;27.3;45;39;43.2;18.2;33.3;36.4;25;44.4;42.4;42.9;32.6;30;42.1;36;45;33.3;28.1;40.5;34.5;23.5;32.8;47.4;38.9;36.8;18.2;30;36.6;50;36.1;25;34.3;23.5;41.8;31.6;28.6;33.3;45.2;51
d2dlda1;30.4;23.5;22.2;44;44;42.5;28.6;43.6;26.3;49.1;33.3;42.5;33.3;42.3;13.3;33.3;40;47.5;43.2;20;27.8;18.2;28;31.8;38.9;42.1;37.9;25;32;39.4;28;30;30;41.2;27.3;45;47.5;48;48.7;40.6;47.4;37.8;36;36.4;44;20;45.5;20.5;39.2;42.4;36.7;39.7;41;39.1
d1j4aa1;38.1;23.5;20;34.1;40;25;41.2;43.6;26.3;38.9;33.3;45;23.1;48.1;30.8;33.3;31.8;47.5;38.6;44;27.8;46.8;28;40;41.7;21.4;37.9;27.3;37;39.4;46;33.3;31.8;35;27.3;46.7;32.4;21.4;41.7;34.4;33.3;37.8;36;39.4;31.6;20;46.8;20.5;41.3;41.1;33.3;38.2;35.3;28.6
d1h9aa1;34.4;42.9;46.4;42.6;26.3;45.5;41.2;36.2;45.8;33.3;38.3;40.5;34.8;18.2;31.8;36;42.9;40.9;25;23.5;27.8;50;41.1;35.5;42.3;35.3;38.7;20;21.4;0;27.3;45.2;21.4;38.9;34.5;42.9;18.2;42.2;46.9;41.7;31;26.7;47.7;34.5;30;54.3;45.8;36.8;29.4;33.3;44;23.5;45.1;16.7
d1dlja2;40;34.1;0;28.6;30;43.1;50.9;36.8;43.5;40.9;30;41.9;36.4;26.1;45.9;0;25;36.4;35;41.8;33.3;27.3;38.3;26.1;23.1;31.9;34.9;28.8;25;43.9;26.7;30;39.1;26.7;29.4;28.6;20;19.4;37.9;26.1;13;38.3;32.1;20.6;32.3;12.5;31;36.4;41;44.3;32.4;46;21.1;35.7
d1kola2;15.4;40;43.8;27.8;41.7;23.1;33.3;42.9;43.5;35;36.4;38.1;40.8;0;43;39.4;40.6;46.2;26.3;27.8;35.6;40.7;48.5;44.6;44.8;45.7;45.7;38.9;33.3;42.7;42;41.8;18.8;34.8;38.6;37.8;32.3;46.7;48.6;40.5;44.3;14.3;44.4;48.3;33.3;19;33.3;43.8;42.4;45.5;35.8;27.8;50;31.2
d1vjta1;27.8;36;10;0;39.3;27.3;30;34.3;23.5;23.8;40.5;47.1;29;37;27.3;43.2;47.4;35.2;34.8;14.3;46.4;36.4;31.6;35.3;49.1;37.5;32;31.2;28.6;40.9;29.2;14.3;21.4;44.7;16.7;38.2;14.3;45.9;20;28.6;46.3;26.3;34.8;38.9;31.6;18.2;29;22.7;37.5;38.2;38.9;18.8;27.3;36.4
d1mx3a1;30;41.3;41.2;46.2;44.8;36.5;20;44.4;36.7;30.8;42;18.2;28.2;34.4;34.5;44.2;45.6;8.3;25;33.3;21.7;35.3;23.5;33.3;35.3;40.9;46.2;20;49.3;32.1;28.6;34.6;26.7;41.7;33.3;37;46.6;42.9;36.1;51;27.8;28.6;47.2;42.9;38.2;18.2;30.8;36.8;27.9;23.8;25;22.2;37;0
d1f0ya2;37.9;48;39.1;26.7;30;18.5;26.7;37.7;38.5;44.5;43;40;35.4;17.6;34.4;41.6;34.1;39.5;26.1;18.8;36.4;38.4;38.2;22.2;36.4;31.6;45.5;49.3;43.6;42.2;47.4;53.2;37.2;35;34.3;43.6;37.8;38.8;0;39.5;43.7;29.4;33.3;36.7;15.4;21.4;45;23.1;41.2;42.9;45.8;31;46.7;20
d1gdha1;42.9;27.3;36;38.9;50.7;25;45.7;37.5;42.1;36;36.1;41.5;25;33.3;31.6;26.7;30.4;7.7;44.8;35;32.1;25;18.2;30;42.4;32.1;48.5;25;23.8;47.9;40;34.7;21.4;24;28.6;39;39.1;36.4;23.5;25;44.9;12.5;34.4;37.7;38.9;41.7;40.4;36.4;41.8;40.5;36.8;37.5;30.8;26.1
d1k3ta1;41;40.5;20;22.7;40.7;42.9;36.8;50;0;16.7;22.2;49.4;33.3;16.7;28.6;46;42.4;0;41.4;42.2;54.2;38.2;41.2;39.1;38.7;39.4;44.4;14.3;35.6;44.9;50;29.4;33.3;9.1;41.9;40;51.6;37.1;34.8;11.1;40;42.1;34.8;31.8;41.7;44;42.3;27.6;49.2;41.2;38.5;23.1;42.4;44.8
d1luaa1;41.7;48.2;23.1;44.4;44.8;41.9;44;34.8;0;22.2;25;25;40.7;49.3;40.9;50.7;47.8;43.8;48.1;9.1;27.8;31.6;33.3;46;31.4;40;36.6;36.1;41.2;29.7;36.1;42.2;33.3;39.1;40.4;31.9;42.9;43.4;22.2;34.4;34.3;39.5;32.2;35.3;43.2;37;38.4;37.3;36.7;36.2;31.2;25.7;36.5;47.2
d1ryda1;44.1;28.6;14.3;33.3;21.4;58.3;26.1;45.5;23.1;39.3;20;35.6;28.6;45.8;47.1;20;26.7;10;41.2;43.1;35.7;47.7;44.2;28;26.7;33.3;42.3;22.2;37.5;28.6;23.5;33.3;14.3;33.3;20;45;25;51.2;12.5;42.9;40;10;50;14.3;27.8;26.7;33.3;38.1;17.6;10;39.3;30.8;27.8;0.5
d1ggaa1;40.5;31.2;30;22.7;42.6;42.9;45;43.4;0;42.1;34.5;42.1;38.1;8.3;28.6;46;27.3;0;24;19;18.2;31.7;44.4;40.4;33.3;17.6;20;28.1;36.4;36.4;52;32.4;33.3;11.8;41.9;42.9;51.6;34.3;35.9;43.3;31.2;29.4;34.8;30.8;29.2;40;38.5;33.3;49.2;41.2;42;23.1;40;39.7
d1i32a1;43.4;38.5;34.5;9.1;35.5;0;11.1;0;14.3;39.5;50;30;35.6;43.5;36.8;22.2;42.4;23.1;0;34.4;7.7;36.8;41.2;22.2;38.7;36.7;29.4;36.4;21.9;44.4;37.5;32.4;20;11.1;39.1;20;9.1;36.8;47.5;42.6;31.2;29.4;45.9;33.3;27.3;38.7;35.1;18.2;18.2;26.7;0;40.5;46.7;33.3
d1n1ea2;31.8;43.2;27.8;49;41.7;38.1;44.3;33.3;35.3;15.4;32;42.4;22.2;0;42.1;15.8;0;39.1;25;21.1;37.2;32.4;44.4;31.6;32.6;41.8;27.8;33.3;34.7;27.3;39.4;40.5;17.6;30.2;33.3;39.5;35.3;35.3;44.7;50.8;21.1;41;37.5;40;40;28;46.9;29.2;21.4;41.4;40.6;32.3;33.3;35.7
d1gu7a2;47.4;28.6;17.4;37.1;8.3;40;45.5;39.4;14.3;36.7;31.6;40;45.8;43.9;42.6;37.5;36.4;42.1;26.1;34.4;46.3;41.2;30;41.2;47.5;27.8;31.8;10;44;28.9;32.1;7.7;20.7;25;26.5;34.3;16.7;40.7;34.8;45.7;28.6;17.6;37.5;48.6;27.3;43.3;48.3;49.1;42.9;31.6;12.5;23.8;34.6;38.1
d1sc6a1;26.7;35.5;37;46.8;42.9;33.3;8.3;43.1;27.8;29;44.3;37.3;42.3;43.5;35.1;0;26.1;16.7;43.2;20;25;0;28.6;44.7;41.9;37.5;28.6;37;37.8;42.9;23.5;43.1;7.1;42.3;46.3;25;18.2;10;47.7;41.9;27.3;37.5;43.1;38.9;46.4;38;28.6;0;24.1;29;25;32;10;29
d2naca1;40.7;25;23.1;16.7;28.6;29.4;40.8;44.6;35.7;41.4;35;0;39.6;46.3;23.5;36.4;26.7;35.7;50.8;34.7;26.1;28.6;29.4;50.5;30;37.9;42.9;42.4;33.3;15.8;43.6;20;47.7;41.5;48.3;44.7;35.3;35.5;33.3;40.9;0;26.1;20;51.1;0;48;25;26.3;16.7;32;10;39.1;31.2;27.3
d1vj1a2;28.6;21.1;36.8;48.1;23.1;32;27.6;21.4;33.3;20;38;23.5;11.8;40;34.8;33.3;34.3;40;44.9;26.7;43.5;37.6;47.8;51.1;46.1;27.3;50.8;44.7;42.9;37;38.6;31;31.1;30;35.7;31.6;40;41.6;14.3;32.4;44.6;49.1;27.3;38.1;14.3;34.6;39;40;12.5;35.3;32;0;25;40.7
d1wdka3;39.6;46.3;32.3;21.1;46.8;21.4;39.8;39.4;39.5;42.2;30.4;41.3;45.5;52.8;40.3;42.2;42.1;30.8;42.4;40.2;42.4;45.7;40;31;37.5;43.8;41;29.4;37.5;28.6;41.7;28.6;41.5;40.2;28.9;41.2;22.7;44;36.6;27.6;23.8;35.3;41;45.3;34.9;38.5;45.9;32.1;38.7;44.4;25;32;46;42.5
d1ydwa1;32.4;21.4;45.2;0;46.3;41.7;38.6;32.1;44.1;29.4;28.6;33.3;27.3;37.9;49.1;32.3;35.3;37.5;43.5;16.7;43.3;35.1;31.2;27.3;21.4;43.2;32.4;9.1;26.9;0;44.4;50;20;11.1;39.4;20;36.8;30.8;40;43.3;28;33.3;39;33.3;22.2;34.2;14.3;33.3;20;49.1;28.9;35;42.2;27.3
d1ygya1;34.2;42.9;31.8;0;30.8;37.9;26.7;41.9;28.6;37.5;36.4;40;36;29.4;49.1;34.6;33.3;39.3;21.4;35.5;38;24.1;33.3;50.9;24.3;37.5;35.7;22.2;35.5;44.8;25;42.2;25;29.6;44.7;38.5;37.5;31.4;26.3;38.5;28.6;38.3;47.7;36;29.4;31.6;27.6;32.6;37;36.7;37;25;34.5;43.2
d2cvoa1;28.6;25.9;24.4;20;30.8;15.8;32.4;25;21.4;26.7;44.3;40.4;46.5;42.4;41;26.7;28.6;39.4;35;23.1;48;41.9;35.3;40;9.1;24;39.2;18.2;0;40.5;34.6;13.3;47.1;35.5;31.8;40.7;25;36.4;40.6;52.6;37.5;43.4;30.4;30.4;28.6;32.1;41.2;35.3;42.9;42.9;20;42.4;43.2;52.9
d1bg6a2;33.3;41.5;41.9;42.4;26.7;44.8;39.4;36.8;35.3;46.4;33.3;33.3;12.5;18.2;38.1;32.1;33.3;44.9;35.5;48.1;37.2;35.7;49.1;38.1;38;40.6;39.3;25;32.1;34;46.9;38.2;21.1;22.2;38.2;50;33.3;28.6;35.7;36.8;31.6;41.2;54.3;46.5;37.1;37.9;30.3;41;42.7;42.7;45.5;34.6;31;25
d1l7da1;0;34.8;42.9;36.4;25;38.9;37.9;39.3;9.1;46.5;49.2;35.3;25;37.5;27.3;41.6;28.6;37.5;46.4;28;36.8;33.3;38.1;36.2;44.6;45.4;35;26.7;36.8;49.1;40;38.8;40.4;46;32;44.8;38.1;31.6;43.3;20;36;43.9;33.3;39.3;43.9;34.3;44.3;33.3;36.4;39;42.5;36.4;29;39.6
d1e5qa1;42.3;50;30.8;12.5;46.2;37.7;40;42.9;43.6;27.8;49.2;20;30.8;30;31.6;7.7;37.7;31.6;38.9;42.3;38.4;41.3;44.4;29.4;41.4;47.7;31.8;38.9;27.3;39.7;28.6;29.2;37.1;43.8;29.6;31.7;24;23.1;42.3;20;35.3;37.3;36;21.4;33.3;39.1;39.3;36.4;33.3;48.2;40.4;25.6;25;43.3
d1pqwa_;34.2;40;35.9;33.3;14.3;40;31.6;45.5;24.2;42.7;40.9;29.4;36;16.7;40.9;41.8;40.4;35.5;34.5;38.9;36.8;47.7;25;37.5;49;42.6;45.8;34.1;43.7;33.3;34.3;40.6;26.1;36.6;9.1;43.8;32.1;35.7;43.4;43;46.4;30;39.3;33.3;25;40.5;41.2;28;47.8;42.3;42.4;30.4;26.7;21.4
d1vi2a1;48.4;43.9;20;36.8;28.6;36.7;30.8;46.2;27.8;43.6;39.5;43;41;30.8;46.6;27.8;24;35.1;42.5;30;37.4;41;24;30;36.6;48.8;46.5;36.4;46.4;31.3;13.3;20;44.4;18.2;42.1;40.4;44.4;33.3;42.9;7.1;30;16.7;33.3;33.3;25;38.1;33.3;26.3;26.1;22.7;44.7;31;39.8;29.4
d1vj0a2;33.3;30;37.9;20;14.3;31.2;36.4;45.2;40.9;47.3;26.1;35.7;44.9;41.9;20;45.9;46.6;34.4;33.3;33.3;36.1;37.7;41.1;43.8;47.4;40.3;29.4;40.6;40.7;45.3;41.8;42.9;47.2;42.9;25;27.3;30.8;44.9;36.1;37;38.8;37.8;36;33.3;21.4;35.6;41.4;12.5;37;38;36.2;39.5;43.2;26.3
d1v3va2;44.7;20;40.3;27.6;30;35.3;38.5;14.3;43.8;36;43.8;27.6;36.1;23.1;31;41;22.2;26.3;41.1;36.7;38.1;33.8;20;49.4;41.7;43.6;41;15;34;40.9;30.8;31.4;39.4;40;35.3;46;21.4;43;35.1;27.3;45.5;14.3;40.4;20.8;34.7;26.9;42.7;21.4;34.8;48;34.6;21.2;26.9;41.2
d2q49a1;28.6;7.7;25.6;40.7;0;26.1;38.9;40.2;21.4;15.4;26.1;28.6;28.6;42.4;33.3;43.6;30.3;14.3;30.4;45;21.4;18.8;22.7;46.5;28.6;39.4;21.4;27.3;36.8;32;38.5;20;29;25;31.8;35.3;25;31.8;35.7;38.9;26.7;43.9;20;26.1;36.8;31.6;16.7;37.9;41.5;27.3;21.7;37.5;38.5;33.3
d1np3a2;30.8;36.7;26.7;31.6;40;44.9;32;33.3;38.9;43.2;43.4;33.3;28.6;27.8;23.1;36.7;37;33.3;45.3;0;45.8;43.5;33.3;34;49.4;38.6;40;38.5;40;25;37.8;38.7;33.3;23.7;47.9;39;21.7;32.4;23.1;33.3;32.3;32.6;46.1;41.2;16.7;37.8;48.3;35.5;18.8;18.8;50;32.5;30.4;42.9
d1civa1;18.2;42.9;24.2;35.1;20;25;30.8;16.7;37.5;22.2;35.7;28;30.3;23.1;13;44.1;39.3;36.8;23.1;38.9;38.8;34.6;39.4;44;40.7;43.9;33.3;38.5;42.9;43.2;23.1;28.6;44.7;39.3;17.6;15.4;11.1;12.5;50;29.4;33.3;28.6;39.7;14.3;22.7;45.7;39.1;40;42.1;47.4;7.1;36.4;40.3;12.5
d1zh8a1;14.3;42.4;36.7;26.7;26.7;7.7;26.7;18.2;40;39.2;36.6;37;28.6;34.3;41.5;42.9;30;0;35.7;39.3;28.6;37.5;21.4;40;26.7;33.3;38.9;27.6;30.8;23.8;34.8;38.1;30.6;43.8;33.3;23.5;41.5;18.2;29.2;40.5;23.8;27.6;45.5;45.5;32;40;21.4;27.8;23.3;35.7;30.4;35.5;14.3;35.2
d1qp8a1;32.6;30.8;36.7;26.1;33.3;30;30.4;45.8;18.2;14.3;28.6;38.5;34.4;38.1;41.2;20;26.7;29.6;23.5;30.4;32.1;36.4;28.6;51.1;37.5;42.4;37.5;33.3;43.6;33.3;32;33.3;36.4;37.5;27.5;36.1;23.1;40;0;37.1;31.4;34.8;45.7;37.1;41.7;41.2;32.3;44.2;26.1;26.1;42.9;33.3;29.6;22.2
d1txga2;33.3;33.3;41.5;43.2;33.3;34.5;36.4;35.9;33.3;29.4;27.3;9.1;35;40.6;48.1;26.1;29.8;17.6;27.3;11.1;15;33.3;31.8;30;15.4;28;35.3;20;34.9;33.3;45.5;28.6;0;32.1;34.3;43;22.2;28.6;45.2;29.4;36.4;20.8;29.4;22.7;46.7;31.2;44.7;16.7;43.8;31.8;31.8;33.3;37.2;24.1
d2g17a1;36;46.9;23.3;17.6;23.1;15.4;45.2;14.3;24.3;41.3;28.6;18.2;26.7;44.2;47.2;20;31.2;35;25;43.1;40;35.3;30.8;23.8;25;35.7;43.8;45.9;18.8;39.1;47.7;41.8;25;40;41.2;15.4;20;40;10;44;0;46.7;29.4;36.6;9.1;32.4;38.7;11.1;37.5;33.3;8.3;47.6;21.1;47.3
d1b7go1;31.8;9.1;23.1;32.1;33.3;40.5;49.1;39.1;36.6;33.3;10;0;38.7;42.5;51.1;42.4;26.1;0;28.6;12.5;34.8;43;25;44.8;35.4;44.1;33.3;21.7;36.7;41.2;35;36.8;12.5;38.7;45.7;20;37.5;34;21.7;40;48.4;23.1;40.4;12.5;0;32.4;40.3;34.4;27.6;29;44.1;16.7;39.4;37.9
d1qora2;36.6;16.7;31.2;12.5;35.1;33.3;12.5;29;42.9;46.9;21.4;38.5;47.9;40;30.4;37;28.6;31.6;15.4;31.6;28.6;23.1;39.1;40.9;38.5;14.3;30;38.8;41.5;34.1;31.8;35.9;40.2;35.7;20;53.3;47.4;40.9;21.4;40.7;16.7;33.3;38.2;23.5;26.9;27.8;36.1;41.4;35.7;49.2;20;42.9;40;20
d1pgja2;37.7;27.3;37.5;38.5;39.3;38.2;40.8;28.6;37.5;46.2;29.2;27.8;33.3;40.9;39.3;35;42.9;39.1;12.5;50;44.1;47.2;15.4;42.7;45.9;35.1;38.9;32.4;37.5;37.9;42.2;31.7;27.3;37.7;28.6;34;39.4;43.9;39.4;31;45.1;42.1;44.8;26.3;37.9;43.2;41.7;26.1;25;40.2;33.3;25;35.8;38.5
d1vkna1;35.2;25;27.3;35.6;44.2;20;13.3;31.8;44.8;26.7;26.1;36.1;37.5;33.3;38.2;48.8;31.2;21.1;35.3;43.5;38.3;42.3;16.7;21.4;50;42.1;38.5;27.3;38.1;31.2;36;27.8;29.4;46.4;39.6;41.7;20;33.3;44.4;34.6;46.8;37.8;37.8;29.4;40;33.3;38.1;31.2;45.1;47.4;33.3;40;29;0
d1nvta1;36;18.2;35.7;35.5;34.8;34.2;11.1;39.7;29.4;47.4;25;34.2;30;17.6;40.6;33.8;25;41.9;34.5;42;40;31.2;28.6;13.3;38.9;28.3;36;42.6;33.3;36.5;40;49.2;42;42.5;41.8;47.1;37;39.4;37.5;29.3;37.5;36.7;30;26.4;20;35.4;50;27.3;39.2;39.2;52.2;47.1;43.9;40.6
d1o89a2;31.8;35.7;36.1;30.3;46.2;35.5;33.3;27.6;39.1;42.6;23.1;18.8;32.6;32;42.6;44.3;40;28.6;43.1;8.3;25.6;33.3;25;24;27.1;35.1;32.1;20;41.4;19;35.5;18.2;37.5;31.8;27.8;30.8;37;45.1;40.3;35.9;41.3;41.5;38.2;23.5;40;27.3;38.2;30.9;44.8;37.8;33.3;38.3;35.7;40
d2pgda2;24.2;40.9;45;28.1;26.9;46;36.7;38.6;36.4;46.2;33.3;37.5;27.6;44.1;37.5;25;45.6;0;33.3;20;23.8;41.2;7.7;50.9;45.5;33.3;40.9;46.2;0;0;40.7;0;38.3;26.3;38.5;41.4;36.4;22.7;43.5;25;25;0;20;27.3;21.4;44;40.5;0;21.4;37.5;40.5;34.3;0;36.7
d2pkqo1;11.1;11.1;41.2;25;34.3;48.1;20;51;26.9;28.6;32.6;25;28.6;23.1;40.5;11.1;41.2;23.5;35.5;26.9;29.4;45.2;36.4;41.9;22.7;44;38.5;16.7;39.5;36;32.1;26.1;14.3;41.2;21.7;18.8;0;45.9;25;50.6;23.8;44.4;47.9;16.7;33.3;49.1;40;42.9;40.7;37.1;39.3;22.2;31;26.7
d2jhfa2;43.2;33.3;31.6;31.2;43.6;42.3;33.3;38.2;15.4;37.5;34.5;28.6;20;43.3;40.9;45;38.2;16.7;46.8;18.2;40;46.2;44.7;21.1;36.4;44.8;51.6;16.7;47.7;35.9;41.5;42.4;30.8;37.7;51.5;41;44.7;36.8;37.9;43.8;39.2;33.3;44.8;42.3;45.6;45.5;34.6;45.5;21.4;21.4;34.3;47.3;37.5;40.5
d1d1ta2;31.2;36.4;29.6;7.7;42.9;39.1;28.6;32.3;15.4;26.7;35.5;47.5;25;28.6;46.2;47.5;48.1;16.7;40.3;31;9.1;49.3;43.1;21.4;36.4;29.5;53.1;42.9;43.5;41.7;37.8;30.3;34.4;38.8;43.8;46.9;37.5;37.3;11.1;40.6;39.4;33.3;42;23.1;41.2;48.7;35.3;37.3;42.5;43.7;42.1;31;44.8;37.5
d1u3wa2;44.1;28.6;25;43.6;28.6;35;40.7;41.2;22.2;45.5;37.9;31.4;42.5;40;37.5;47.5;42.1;29.6;41.9;18.2;13.6;48.1;47.2;13.3;39.4;41;50.5;37.1;48.3;32.4;42.3;29.4;46.9;41.5;49.2;42.6;46.8;34.2;37.9;46.9;41.2;36.7;41.4;23.1;45.3;42.4;21.4;43;42;42;31.4;45.5;40.9;40.5
d2fzwa2;31.2;40;45.2;29.4;44.4;30;40.7;32.4;15.4;30.8;35.3;31.4;44;37.5;33.3;46.9;26.3;10;29.6;40.7;19.2;38.2;44.6;44.3;0;34.9;48.1;0;45.1;46.2;42.4;30.4;34.5;44.1;23.1;37.7;30.8;39.5;13.3;52.9;21.4;36.7;47.4;30.8;43.4;48.4;38.7;45.9;42.9;42.9;34.3;50.9;23.1;40
d1xa0a2;38.2;36;42.9;30.8;41.2;38.7;30.2;26.1;30.8;45.5;24;35;38.5;36.4;46;32;49;28.6;35.6;42;36.8;38.3;16.7;37.5;27.3;25;38.2;32;37.5;27.3;42.9;38.5;36.4;44.7;33.3;41.1;37.5;41.5;16.7;42;29.2;41.5;35.7;39.6;25;41.7;40;13.6;48.3;48.3;32;38.5;48.7;0
d7mdha1;42.9;39.2;10;29.7;20;40.8;26.9;16.7;37.5;41.7;33.3;41.8;42.9;39.3;13;37.5;41.7;42.1;23.1;39.1;45.2;31.8;40.8;42.3;21.7;44.2;33.3;38.5;42.9;34.8;32.1;50;42.6;39.3;17.6;42.1;40.7;50;49.7;29.4;10;28.6;37.3;30;22.7;45.7;25;12.5;36.8;33.3;33.3;31.8;37;29.4
d1cdoa2;46.2;41.7;0;47.6;37.9;22.2;31.2;38.5;35.7;34.4;33.3;38.9;25;16.7;33.3;44;42.9;48.8;18.8;18.2;20;32.6;44.2;34.2;39.3;32.6;39.1;26.7;43.1;18.2;42.4;35.9;32.1;48.1;45;39.4;36.4;42.1;33.3;50;34.6;34.8;44.9;26.7;30.8;41.2;34.1;34.4;44.2;44.2;41.2;40.9;52.9;46.2
d1p0fa2;44.4;32;44;0;46.7;30;50.6;33.3;47.4;48.4;39.4;40;25;39.3;34.6;50;31.6;36.8;41.9;37;34.6;51.9;33.3;31.8;21.4;46.7;46.2;0;46.7;38.9;47.4;43.8;37.5;14.3;12.5;35.7;50;47.4;11.8;37;35.5;11.1;48.7;46.2;18.2;31.8;26.9;36;46.8;21.4;30;33.3;40.9;39
d1obfo1;42.9;20;45.7;11.1;12.5;34.6;12.5;35.3;41.4;38.1;25;18.2;30.8;45.2;14.3;48.3;21.1;27.3;27.8;41.4;44.7;28;30.6;33.3;20.8;34.8;48;40.9;27.8;14.3;37.5;32.1;28.6;28.6;31.6;16.7;16.7;48;18.2;33.3;30;22.7;25;0;45.9;46.7;29.2;39.3;41.9;33.3;33.3;31.8;50;20
d1e3ia2;16.7;33.3;16.7;37.9;38.6;28.6;31.2;36;22.2;27.8;23.5;31.4;37;47.1;41.7;47.1;37.3;45.2;38.3;40.4;19.2;51.9;27.3;44.6;27.8;38.6;37;0;48.2;41.5;40;39.4;35.7;41.4;22.2;37.9;47.5;41.4;48;48.6;26.3;44.4;47.4;43.5;42.6;47.2;50;42.4;40.6;43.8;44.3;21.1;30;38.2
d1jqba2;34.1;44.1;41.2;14.3;30;41.2;28;31.2;28.6;46.5;41.8;40.8;30.8;27.3;10;40.7;0;43.8;22.2;22.2;37.5;41.4;42.9;11.8;37.1;37.1;30;31;31;29.7;50.9;46.3;26.1;25.9;12.5;30.3;43.2;18.5;50;40;27.3;34.5;44.1;45.9;46.5;29.4;39.5;43.4;29.4;47.4;28.9;23.1;35.7;38.8
d1f8fa2;25;11.1;50;48.3;31.6;41.7;35;28.6;0;34.5;42.6;20;37;17.9;18.8;40;28.6;41;33.3;39.7;44.9;41.8;36.7;0;37.8;34.2;35.6;44.4;41.7;41;37;50;35.3;46.7;33.3;44.9;46.7;37.3;11.1;22.7;38.3;41.5;43.8;38.5;51.3;28.6;35.7;42.2;37.5;37;44.2;44.9;41.2;40.4
d1yb5a2;44.9;9.1;34.3;33.3;33.8;37.5;44.6;35.3;35;25;48.7;37.5;46.4;18.2;25;38.6;25;34.1;42.6;9.1;29.7;48.6;45.8;40;43.4;48.6;44.4;41.2;20;38.6;44.8;25.9;30;42.9;30;45.7;45.9;38.6;16.7;42.6;20;47.1;35.6;41.3;21.7;46.9;40.2;38;43.5;29.7;34.5;34.3;35.7;45.5
d1ykfa2;21.1;40;42.1;35;21.4;38.3;41.7;36;31.8;53;27.8;17.4;35.7;45.1;22.2;37.5;34.6;40;33.3;22.2;41;46.1;43;36.6;28;22.7;37.8;34.5;48.9;31.2;47.1;33.3;17.4;20.8;12.5;26.7;45;47.8;42.4;43.3;31.8;11.1;35.8;43.2;13.3;46;42.1;46;30.8;30.8;44;30.4;32;48.3
d1lc0a1;0;35.7;39.5;19;48.7;52.3;36.7;34.6;32.4;25;46.4;15.4;28.6;38.9;40.5;29.4;0;32;40.4;45.2;31.9;32.3;22.6;15.4;22.2;28;37.5;44.7;20;44.9;26.3;37.1;21.4;25;31.6;30.4;35;51.9;39.2;23.1;34.2;53.6;21.4;39.4;37;36.4;37.7;37.8;35.5;21.4;33.3;29.6;35;34.5
d2czca2;45.6;39.2;37.1;45.5;41.7;26.1;25;31.8;28.6;22.2;16.7;34.8;36.8;36.7;47.2;37.2;37.5;23.1;46.5;34.6;34.5;48.8;35.6;0;33.3;47.6;36.6;15.8;44;28.6;37;45.8;40.7;45;41.7;20;28;44.2;41.7;48.9;10;10;38.7;33.3;40;52.2;16.7;41;25;25;23.5;39.3;32.1;14.3
d1rm4a1;41.5;37.5;35.3;25;33.3;35.7;37.5;29.6;29.4;28.6;28.6;20;37.8;12.5;16.7;42.7;14.3;23.5;17.6;39.4;39.5;31;44.9;20;41.8;26.7;26.3;25;44.2;30.8;28.6;23.8;46.8;46.2;7.7;43.9;41;52.6;42.1;48.2;47.8;43.6;45.9;34.3;29.4;34.3;33.3;22.2;37.1;37.1;42.1;23.5;20;32.4
d1h2ba2;12.5;41.2;35.7;8.3;33.3;9.1;45.8;35.8;20;27.8;37.5;36.4;31.8;20;44.6;50.4;24.1;35.5;32;21.4;44.6;25;36.7;35;35.7;43.6;27.8;37.1;23.1;50;23.1;44.7;22.9;48.9;43.6;24;48.3;44.7;33.3;30.4;37.2;45;35.7;40;25;36.8;36;36.4;44.1;41.3;37.5;45.7;38.5;25
d1cf2o1;40.9;40;44.7;32.5;20;48.9;32.5;35.7;29;35.3;30.4;27.8;40;42.5;16.7;43.7;40.5;8.3;30.8;26.1;37.1;43.6;48.2;17.6;39.3;11.1;33.3;38.5;30;37;18.5;31.2;27.3;54.2;37.8;28.6;7.7;41.9;42.5;37.9;25.8;6.7;47.2;49.4;31.8;22.2;42.3;35.5;20.6;20.6;30;8.3;25;28.6
d3cmco1;25.9;35.3;46.6;0;16.7;37.5;35.7;29.2;31.6;39.4;41.2;20;10;18.2;44.3;9.1;37.8;15.4;42.7;30.6;44.9;25;40.5;39.3;39.6;18.8;35;0;33.3;48;31.8;41.4;40;34.6;36.8;39.8;29.4;37.7;8.3;23.1;19.2;34.2;47.3;39.4;35.3;41.4;21.2;15.4;40.7;30;45.6;40.4;23.1;28.6
d1pl8a2;41.9;36.4;33.3;14.3;45.8;39.3;31.6;40.6;15.4;46.7;52.8;16.7;20;18.2;39.5;43;50;44;29.4;37.5;36.4;42.6;32.3;41.4;34.8;39.5;40.5;31.2;33.3;35;23.8;31.6;38.9;35.5;23.1;46.3;26.3;45.2;35.3;43.8;38.8;33.3;39.6;40;39.4;45.9;41;36;39.3;35.7;38.9;43.3;44.8;16.7
d1f06a1;23.5;26.3;37.5;28.6;39.7;48.2;45.1;44.8;38.7;37.5;37.5;28.1;29.4;25;36.4;0;42.9;11.1;32.3;32;23.8;42;36.2;52.6;25;37.5;46.2;33.3;26.9;38.5;22.7;34.6;42.1;33.3;51.2;41.2;44.1;41.3;37.5;36.8;18.2;42.6;40.9;32.4;0;27.3;38.5;26.7;28.6;42.6;40;48.1;49.4;30.4
d1p77a1;28;33.3;41.3;33.3;45.5;45.3;0;30;40;42.4;25;15.4;29.4;38.1;27.8;33.3;34.4;11.1;39.6;38.9;18.2;26.7;29.2;45.5;45.1;47.5;44.7;38.5;44.4;26.9;18.2;20;23.1;50.5;47.9;35.2;45.5;23.5;8.3;31.6;34.7;44.4;35;44.7;40.5;30.2;33.3;12.5;11.1;44.4;25;25;36.5;46.7
d1obba1;45.9;15;20;37.2;31.2;36.2;47.7;45.7;26.3;38.5;25;31.2;28;41.7;46.3;33.3;32.1;33.3;16.7;41.9;26.7;45.7;43.8;47.2;40;30.6;35.1;34.3;32.1;36;38.6;17.6;40;42.9;12.5;50.5;37.1;21.4;33.3;46.4;29.6;35.5;22.2;35.7;42.9;35;42.9;23.1;53.7;50.4;27.6;17.6;16.7;38.5
d3gpdg1;50;39.4;39.3;36.7;44.1;42.5;37.8;33.3;33.3;13.3;34.4;44.8;29.4;45;47.6;37.3;26.7;28.6;41.7;28.6;31.7;25.7;36.7;40.4;11.1;40.9;45;30.4;44.1;34.6;46.7;25.6;39.2;38.3;25;39.3;38.6;18.8;45.3;11.1;33.3;41.2;39.3;26.7;41.7;16.7;18.5;33.3;30;38.2;48.8;30;16.7;37.8
d1edza1;46.8;29.4;20;21.1;36.9;30.4;21.1;37.1;39.5;23.5;43.2;30.4;44;33.3;44.4;44.4;38.9;8.3;30;36.2;25.8;34.3;37.8;35.7;29;42.1;37.9;35.9;30;30.4;38.9;46.5;30;31.2;40.6;32.4;41.2;48.6;22.7;31.2;44.8;40.5;37.1;36.1;6.7;47.5;35.7;48.8;47.7;49.2;33.3;29.6;38.1;25
d1iz0a2;25;44.7;37.1;33.3;31.2;29.6;35.7;17.6;21.4;47.4;15.4;23.1;38.1;31.8;26.1;18.8;27.3;44.9;37;33.3;31.6;27.8;29.6;44;34.1;44.9;40;38.1;41.9;46;35.1;42;47.8;50.7;25;31.8;35.7;42.9;45.5;26.1;41.9;38.5;43.2;44.9;38.2;55.3;27.3;44.3;35.4;43.7;0;37.1;43.5;38.5
d2g5ca2;50;50.9;13.3;48.8;0;0;27.3;10;25.6;0;40.8;27.8;39.4;40.6;6.7;21.4;39.1;50;37.5;48.6;30;37.6;39.3;30.4;38.1;38.2;45.2;43.8;14.3;13.3;37.5;44;39.4;38.8;33.3;44.1;32.4;35;32.4;43.5;39;22.2;20;25;28.9;0;44;0;38.7;42.1;30;41.7;38.7;40.9
d1a4ia1;37.5;35.3;8.3;37.9;14.3;16.7;18.2;43.3;35.7;23.5;38.1;28.6;47.4;15.4;16.7;20;38;33.3;33.3;50;41.7;36.4;25;43.4;46.6;50;33.3;37;31.1;39.3;42.9;23.1;31.8;16.7;36.4;42.3;33.3;17.6;36.4;28.6;44.4;52.3;36.4;47.4;42.5;37.9;35.7;33.3;25;48.4;34.9;46.8;46.7;28.6
d1u8fo1;50;42.4;39.3;37.8;47.1;26.7;42.1;33.3;31;16.7;37.5;29.2;23.5;45;42.9;37.3;15.4;0;41.7;39.6;21.4;32.5;34.7;34.8;40;25;43;29;45;41.2;45.9;30.8;0;29.4;35.3;45.2;36.4;18.8;36.1;11.1;31.2;35.5;25;0;37.5;52.5;25;51.6;30;30;37;0;16.7;37.8
d1e3ja2;0;43.1;28.6;18.2;11.1;32.3;10;47.6;36.7;40.7;55.4;31.8;48.9;47.1;38.1;34.5;46.9;41.9;47.5;28.6;40;31.6;43.8;37.5;37;37.9;37;45.3;22.2;38.5;38.5;45.5;38.9;40;27.3;12.5;23.1;45.7;14.3;44.6;28.1;45.8;25;21.1;39.2;41.4;39.7;37.9;46;38.1;34.6;29.7;48;51.7
d1nyta1;23.5;41.2;20;29.2;29.4;9.1;36.7;43.1;0;43.9;16.7;14.3;38.7;33.3;21.4;44.4;44.4;46.7;10;23.1;40;43.8;40;48;33.3;35.7;33.3;42.9;42.6;15.4;40.3;46.8;38.2;43.1;46.2;44.1;29.4;29.4;44.9;47.5;43.3;36.4;31.8;44;47.7;37.8;0;38.5;51;33.3;16.7;43.2;10;47.5
d1dssg1;34.5;42.9;47.1;23.1;45.8;33.3;32.4;30;0;33.3;37.1;37.5;15.4;40;40.9;43.5;40;25.9;54;14.3;45.8;28.6;33.3;30;16.7;36.4;44.9;14.3;40;30.2;43.1;25.6;18.8;36.4;35.3;21.4;35;34.2;46.2;26.3;33.3;25;47.4;14.3;37.5;39.2;35.3;27.8;30;30;40.8;37.5;30;18.2
d1jvba2;26.7;37.5;29.4;27.3;20;30.4;40;13.3;36.1;22.7;22.7;18.2;34.8;45.2;45.9;45.3;45.7;25;31.4;28;44.1;32.8;30.6;11.1;42.9;21.4;28.6;27.8;45.5;27.9;47.2;36.2;35.2;27.3;47.7;51.4;38.6;43.2;47.9;29.6;34.9;32.7;29.8;38.6;37.3;45.3;30;30.9;47.4;40;40.6;36;38.9;44
d1vc2a1;31.2;50;42.9;45.5;39.4;50;23.5;34.2;28;44.1;33.3;30;22.2;28.6;26.7;37.5;50;48.6;25.9;35.3;28;35.3;39.5;27.3;32.4;31.8;52.5;34.6;43.1;44.9;33.3;55.6;36.4;38.5;43.6;36.4;12.5;41.9;26.7;35.3;27.3;39.4;9.1;36;14.3;45.9;35.7;40.9;38.6;39.5;31;22.2;23.1;42.9
d1hdgo1;50.7;28.6;48.6;0;18.2;20;47.4;10;20;38.5;26.7;20.8;17.6;51.9;25;7.1;30;0;29.8;32.4;17.6;36.1;40.4;40;26.1;14.3;36.7;41.5;0;46.2;33.3;42.1;41.8;37.5;41.4;11.1;28.6;18.2;23.1;47.5;21.1;18.2;40;0;15.4;15.4;7.7;16.7;39.7;39.2;26.7;41.9;21.4;20
d2g82a1;44.7;37.2;31.2;29.2;18.2;42.9;23.5;33.3;0;40.5;33.3;34.8;22.2;40.7;36.8;9.1;30.8;52.9;22.2;29.4;9.1;38.2;35.3;27.3;34.1;18.2;36.7;27.8;42.9;46.9;36;36;36.4;38.5;43.6;36.4;30;36.4;33.3;42.2;27.3;44.7;30.8;36;25;41;42.9;21.4;23.3;23.3;46.6;22.2;51.3;42.4
d1j0xo1;48.9;42.4;39.3;37.8;47.1;30;45.3;33.3;31;39.3;37.5;29.2;23.5;45;42.9;39;42.1;0;48.5;28.6;31.7;25.7;34.7;34.8;40;25;45;29;43.1;41.2;43.2;30.8;32.3;18.8;33.3;45.2;38.6;18.8;45.3;29.4;33.3;35.5;39.3;0;45;52.5;39.5;33.3;30;30;29.6;25;16.7;37.8
d1ebfa1;22.7;44.4;41.9;48.4;13.3;33.3;25;28.6;45.2;33.3;42.4;10;44.7;16.7;15.8;28.6;46.1;18.2;30;28.6;14.3;30;18.2;42.9;44.9;25;42.1;35.7;20;27.3;18.2;31;28.6;28;25.9;27.6;40;36;37.5;58;41.7;42.9;32.1;40;18.2;40;16.7;41.5;28.6;40.7;43.3;23.8;20;0
d1s6ya1;48.4;25;23.8;33.3;36.4;32;0;33.3;42.9;34.6;31;46.6;39.3;36.4;45.9;27.8;52;23.1;15.4;38.9;16.7;31.2;39.1;0;20;38.9;25;44.4;45;36.1;43.9;30;27.8;35.3;48.8;55.6;34.8;41.9;40.9;22.2;33.3;42.1;11.1;27.3;26.7;35;27.3;31.2;25;31.2;41.8;40;25;50
d1pjca1;48;30.8;44;10;25;39.3;41.1;43.2;50;47;30;30.8;38.5;35.3;41.2;42.4;34.6;43.1;38.2;32.7;44.4;39;31.2;22.2;38;40.5;34.5;14.3;42.9;36.5;39.5;45.5;0;47.7;40.5;20;36.1;18.2;36.8;36.7;20;41.8;30.3;48.1;38.2;38.2;23.8;43.9;20;50;20.8;46.4;44.4;33.3
d1uufa2;35.9;36.8;31.1;27.3;43.5;39.6;46.3;43.1;30.8;39.3;36.4;11.1;38.5;11.1;23.8;45.5;45;39.4;33.3;8.3;45.6;40;35.7;35.7;40.9;40.8;43;23.5;26.1;30;15.4;43.6;33.3;40.9;46.3;43.2;28.6;38.2;25;41.2;37.3;44.4;44.7;50;35;33.9;35.4;42.6;37.3;40;45.2;17.6;26.9;35.3
d1rjwa2;46.4;27.8;47.8;0;45.7;43.6;28;30.8;36.1;46.8;36.8;37;18.2;45.7;45.1;38;48.9;40;41.2;28.9;31.6;23.5;30.8;38.5;36.6;45.2;42.7;34.3;33.3;22.2;40.9;29.6;42.9;45.5;20;46.4;40;42.7;50;33.3;13.3;45.3;45.8;44.1;44.8;35;39.7;46.2;41.2;37.5;50.5;43.2;37.5;42.3
d1xeaa1;47.6;28.6;29.4;55.6;40.9;39.1;50.7;18.2;20;46.7;45.3;20;55.2;43.9;38.5;0;25;41.2;14.3;42.6;13.3;40.7;40;16.7;0;40;33.3;28.6;45.5;42.5;25;10;38.5;25;29.4;42.6;43.9;33.3;40;47.9;37.7;31.2;53.5;18.8;0;48;28;30.3;51.7;40;34.6;38.2;41.7;45.3
d1piwa2;33.9;29.4;37;25;38.5;44.2;47.6;25;52.4;44.4;37.5;43.8;49.1;28.6;41.2;40;18.2;31.6;23.5;33.3;32.5;10;37.9;38.9;35;21.1;48.9;48.1;25;27.8;30.6;38.9;33.3;37;0;29.2;16.7;37.7;41.4;42.9;25;21.4;29.4;23.5;45.1;42.3;46.2;23.1;32.4;39.2;39.7;41;31.6;0
d1tt7a2;41.7;36.4;31.2;34.1;21.4;41.9;25;26.1;26.9;33.3;19.2;36.4;33.3;43.6;41.9;32.1;41.2;42.3;26.9;45.5;29.3;34.9;29.2;33.3;37.3;37.1;43.9;8.3;31.2;32;40.5;19.2;43.5;49.5;31.6;45.9;42.4;35.2;34.5;42.9;39.7;40;42;40;44.1;41.1;42.6;21.4;35;30;36.9;33.3;25.7;38.5
d1npya1;35.7;38.9;28.1;27.3;23.5;15.4;23.1;26.7;45.5;35.4;33.3;30.4;40.5;40;30;27.3;10;33.3;26.7;35.5;22.6;22.2;25.9;41.7;45.9;16.7;31.8;32.3;42.2;12.5;44.7;32;38.9;33.3;9.1;32.4;35;9.1;26.7;36.7;44.2;23.8;32;29.6;25;22.2;41.8;44.6;31.6;42.1;34.6;37.9;12.5;42.1
d1gado1;27.3;30;41.2;0;9.1;41.2;37.5;34.8;34.8;42.4;20;51;26.7;30;44.4;22.2;40.5;0;34.2;0;25.9;36.7;37;33.3;40;31;34.8;25;48.4;40;37;50;42.6;39.1;50.8;38.7;42;39.4;25;35;44.4;33.3;38.2;39.4;47.3;28;20.6;48.5;43.7;39.7;43.2;36;25;33.3
d1u8xx1;14.3;33.3;0;18.2;43.8;0;29.4;43.3;33.3;48.8;34.6;11.1;13.3;42.3;9.1;11.1;10.5;18.2;44.1;38.9;15.4;33.3;17.6;8.3;37.5;12.5;14.3;44.4;37.5;47.6;46;22.2;18.2;41.8;46.7;33.3;35.4;44;40;42.9;43.8;26.7;16.7;22.7;31.6;22.2;36.7;18.2;11.1;38.9;0;27.3;22.2;51.1
d1ks9a2;37.5;26.3;40;31.6;14.3;27.8;15.4;38.7;28.6;41.7;35;44.4;29.2;40;40.9;20;24;0;38.5;10;36.8;25;44.1;35;44;0;11.1;30.8;30.8;39;44.7;40.7;16.7;39.1;40.6;18.8;42.2;14.3;35;35;36;43.2;18.8;18.2;35.5;33.3;35.5;33.3;34.4;42.5;37.5;33.3;0;39
d2b4ro1;26.3;31.6;39.3;21.4;14.3;30;33.3;28;0;42.1;33.3;37.5;28.6;41.4;34.6;38.9;16.7;40;36.8;35;50;0;46.2;22.2;27.3;26.7;40.7;22.2;36.4;26.3;33.3;42.1;0;44.7;35.7;48.6;37;22.2;37.9;29.6;33.3;41.7;47.1;44.4;18.8;50;27.3;40.5;36.7;33.3;41.3;51.2;30.8;36.4
d1b0aa1;38.9;36.6;33.3;37.5;40;42.1;32.4;40;9.5;30;43.1;35.3;26.7;15.4;50;23.5;35.7;35;25;27.8;44.4;39.3;26.1;36.2;31.4;34.8;33.3;0;25;33.3;41.9;36.7;20;28.6;32.1;22.2;32;39.3;47.1;21.4;41.6;47.7;30;29.6;31.2;25;36.1;40.9;42.3;38.5;44.4;43.8;34.6;50
d1llua2;44.6;20;42.2;7.1;38.1;41.7;21.4;35.3;43.5;44;29.4;28;11.1;35;48.1;44.4;29.2;27.3;38.2;28.6;17.4;37.5;37.2;43.9;26.1;47.2;43.4;33.3;35.7;39.4;35.5;36.1;37.9;46.3;10;48;28;44.3;25;47.7;31.6;47.6;48.4;41.2;26.1;42;42.9;38.9;29;25;38.1;43.8;13.3;44.9
d1tlta1;18.2;43.9;10;37.5;40.9;34.5;38.1;41.4;41.2;45.9;36.4;20;27.8;43.2;37.9;35.3;12.5;20;0;10;37.5;27.3;26.1;30;39.5;27.8;37.8;45.2;28.9;34.6;35.3;8.3;34.3;21.2;11.1;31.2;39.5;36.7;36.8;30;40.8;40;21.4;18.8;43.3;35.3;23.1;33.3;29;29;45.9;26.3;33.3;40.7
d2f1ka2;36.8;25;27.1;33.3;46;25;33.3;25;30.8;9.1;31;45.5;37;13.3;26.3;7.1;38.1;32;31.2;34.9;40.4;28.9;40.5;42.9;28.1;40.4;27.8;28.6;40.9;43.1;27.3;34.3;44.4;42.2;30;43;30.8;42.9;11.1;26.3;31.6;23.1;20;30.4;32;42.7;42;22.2;40.9;18.2;41.5;35.6;27.6;50
d1diha1;35;23.1;40.9;33.3;31.8;37.8;31.2;39.6;28.6;42.9;15.4;36.8;36.4;41.7;19.2;38.1;36.8;12.5;5.9;15.8;26.9;16.7;38;0;38.9;32.1;29.2;16.7;37.9;38.4;36.4;38.2;32;30.6;37.9;38.5;25;47.6;41.6;32.7;32.6;23.5;27.3;22.2;25;40;36.7;39.8;41.7;28.6;46.7;40;36.4;32.1
d1li4a1;42.9;40.6;25;39.3;33.3;43.9;18.2;26.7;28.6;16.7;36.8;41.7;42.3;42.4;30.4;27.3;26.7;33.3;25.7;36.4;28.1;37.5;25;40;31.2;43.5;43.8;38.5;31.2;35.2;30.4;30;0;40.5;0;42.7;23.5;25.7;41.7;31.2;48.5;39.8;34.3;40;30.6;41.2;22.6;41.5;32.3;35.1;37.9;48.2;35.9;10
d1v8ba1;25.9;46.3;43.2;33.3;44.8;21.4;39.1;20;14.3;8.3;29.4;22.7;17.6;31.6;32.1;33.3;51.5;44;44.2;36;31.2;48.7;34.3;16.7;33.3;25;46.3;34.6;37.5;28.1;37.8;0;34.9;34.3;29.7;26.5;45.5;50.8;46.5;28.1;32;34.3;37.1;35.9;23.5;35.7;25;35.5;27.3;27.3;40.6;29.6;21.4;18.2
d1up7a1;29;41.7;7.7;25;28.2;33.3;12.5;13.3;0;47.2;41.4;37.9;35.5;38.9;14.3;38.5;14.3;27.3;43.1;33.3;16.7;35.3;46.5;25;28.6;44;36;11.1;40.7;28.6;30.4;31.8;6.2;25;27.8;23.1;30;49.4;37;41.7;30;47.7;11.1;10;30.3;35.7;32;30.8;35.3;38.2;44.2;36.4;34.5;20
d3cuma2;25;45.8;44.1;31.2;38.5;41.4;31.2;37.8;25;17.6;29;23.8;50;45.8;34.6;7.1;34.5;12.5;25;38.5;33.3;15.4;42.9;40.9;39.3;39.1;24;30.6;37.5;39.5;37.5;31.2;25;44.6;31.8;31.2;20;45.6;42.9;40;25;29.2;33.3;27.6;37.1;41.4;27.8;41.9;42;37.5;20.8;44.1;25;28.6
d1vpda2;45;45.9;25.8;27.8;9.1;44.8;20;37.5;28.2;31.6;33.3;11.1;30.8;44.3;39.4;47.7;43.6;30;21.1;45.9;46.9;38.2;49;34.6;29.2;43.1;33.3;29.4;35.8;42.9;27.6;37;37.5;29.4;34.8;30.2;38.8;54.8;10;20;42.6;36.7;23.1;25.9;51.1;37;40.3;25;44;40.8;43.6;11.1;28.6;21.4
d1ldma1;35.1;40.9;31.2;33.3;27.3;34.8;26.1;15.4;44.7;35.6;14.3;26.1;33.3;34.6;34.5;17.6;36.4;34.5;32;37.8;51.1;30.3;33.3;0;38.9;35.5;23.5;21.4;36.4;33.3;33.3;32.5;28.6;50.6;30;40;31.8;33.3;32.4;29;25;37.5;40;49.6;40.4;39;18.2;25.8;34.1;33.3;10;39.1;0;48.1
d1i0za1;43.9;40.9;10;38.1;24.2;36;41.4;40.5;25;21.4;40.5;42.9;43.5;20;33.3;39.4;34.8;42.5;45.2;38.7;45.2;30.3;36.1;26.1;25;31;23.5;9.1;35.7;33.3;36.1;39.3;42.9;30;27.8;24;25.7;31;30.8;29.4;36.1;10;28.6;36.4;8.3;20;40.6;15.4;26.3;31.6;40;35.7;27.9;16.7
d5ldha1;40.9;40.9;37.5;38.1;34.8;36;41.4;40.5;25;21.4;40;40;39.1;37.2;33.3;23.5;34.8;38.1;41.9;20;43.8;30.3;38.9;30;37;29;23.5;9.1;18.2;31.7;38.1;39.3;42.9;30;27.8;24;27.6;31;30.8;21.1;42.3;10;28.6;36.4;8.3;20;36.7;15.4;26.7;26.7;18.2;40;27.9;16.7
d1i10a1;38.2;40.9;26.1;39.5;30.4;43.1;30.4;41.4;43.8;35.6;41.4;34.5;31.2;40;34.5;40.9;43.3;36.4;48.4;37.8;40;41;29.7;30.8;38.5;35.5;23.5;9.1;36.4;30.8;39.3;32.3;20;44.2;25.6;41.3;31.8;31;11.1;17.6;46.7;0;45.2;50.7;16.7;42.3;22.7;15.4;12.5;47.8;10;39.1;31.7;0
d2ldxa1;37.5;20;33.3;37.9;36.8;12.5;41.1;15;31.2;35;15;45.2;11.1;30;39.4;38.6;40;25;30.8;29.4;36.5;23.5;30.4;45.9;30.3;38.5;23.5;14.3;40.8;36.9;0;32;31.2;32.4;44.4;27.3;27.3;29.4;32.4;36.8;23.1;35.3;40.8;53.3;31.6;50.8;41.7;30;37.3;33.3;44.4;39.1;36;39.4
d9ldta1;38.2;40.9;25;35.3;30.4;43.8;30.4;36.4;8.3;41.9;40;34.5;31.2;37.8;31;38.6;43.3;36.4;48.4;37.8;40;41;44.1;0;32.1;35.5;44.7;25;36.4;30.8;35.3;32.5;41.4;40.7;30;41.9;27.3;31;11.1;17.6;46.7;10;40.8;50.8;16.7;42.3;20;15.4;40;38.5;18.2;39.1;31.7;35.7
d1gpja2;38.9;29.4;42.3;16.7;14.3;31;25;34.9;44.4;40.6;32.7;29.4;28.6;34.3;43.3;40.4;20;43.3;19.2;40.7;24.4;28.9;32.1;44.8;26.1;31.4;28.8;32.5;41.4;19.4;30.8;37.8;25.9;35.2;26.7;34;12.1;29.3;37.5;31.2;22.9;13.8;22.2;39.6;37.8;30.2;25.5;41.5;38;34.7;25;37.3;27.7;16.7
d1nvmb1;35.1;23.1;8.3;28.6;23.1;34.6;22.2;38.3;38.5;38.2;25;37.9;40;35.9;20;38.7;39.6;54.8;32.1;41.7;25;33.3;15.4;42.9;37;35;51.1;46.8;34.7;37.7;32.3;33.3;37.1;43.8;36;16.7;44.7;38.5;46.7;36.4;35.7;34.9;15.4;40;48.3;47.9;50.6;26.3;22.7;30;40;0;28;46.4
d1b8pa1;25;40.9;25;39.4;22.2;20;14.3;18.2;46.2;42.9;33.3;0;28.6;28.6;39;27.8;22.2;31.6;43.2;25;43.1;29.2;12.5;25;40.7;39.5;38.9;29.4;31.8;42.9;31.2;35.7;47.6;25;47.4;38.7;0;0;26.9;30.4;23.1;31.2;47.2;33.3;20;10;24.4;14.3;33.3;31.2;28.6;43.3;34.6;50.6
d2cvza2;50;37.5;23.8;22.2;56.8;23.5;38.5;33.3;33.3;48.1;27.6;30.8;47.1;31.8;42.2;33.3;47.5;7.7;40;32.3;47.2;26.1;28.6;26.3;50;33.3;30;34.6;46.4;46;37.5;48.5;49.1;55.3;30.4;44.2;45.5;35.3;44.2;26.7;14.3;30.8;46.9;34.7;33.3;51.2;14.3;23.5;25;33.3;38.5;38.5;25;39.1
d2gz1a1;48;45.9;29.4;37.5;47.8;11.1;40.5;41.9;33.3;39.4;34;36;41.3;30;49.2;36.4;40.4;35.5;41.5;41.5;40.6;40;44.6;25;36.4;47.6;18.2;23.5;40;44.4;28.6;26.3;41;35.7;41.7;36.7;37.5;47.1;40.6;36;26.3;25;41.7;11.1;38.5;45.3;16.7;34.8;34.8;34.8;42.9;34.6;38;41.7
d1pzga1;12.5;36.1;30;29.4;38.7;9.1;12.5;9.1;39.3;41.7;49.4;37.5;18.2;15.4;25;44.2;45.2;39.5;45.1;41.2;42.9;40.7;36.4;40;39.5;38.2;33.3;33.3;40.4;41.1;30;39;37.5;27.3;29.4;42.6;33.3;43.2;32.4;18.2;38.7;35.3;35.3;37.8;54.5;18.2;41;50;40.6;34.8;45.6;37.8;31.2;47.4
d1y7ta1;40.9;45.7;25;33.3;47.1;15;25;26.1;42;44.8;15.4;33.3;38.9;28;16.7;27.8;33.3;33.3;42.4;28.2;23.1;37.5;11.1;18.8;27.3;17.6;40;21.1;27.3;41.2;17.6;47.1;14.3;34.6;33.3;25;22.2;21.4;38.1;25;15.4;14.3;6.7;35.6;36.8;46.2;35.1;33.3;36.4;35.7;35;40;30.8;48.9
d5mdha1;37;42.9;18.8;0;39;20;12.5;9.1;48.1;33.3;25;20;43.4;40.5;9.1;21.1;20;21.4;33.3;38.2;23.1;38.1;32.4;7.7;13.3;0;45;50;30;10;26.7;18.2;45.3;9.1;11.1;41.9;0;31.6;27.3;39.3;27.3;0;42.3;36.4;20;26.3;29.3;26.7;30;34.5;0;35.3;26.9;28.6
d1id1a_;40;31;26.3;11.8;46.2;22.2;42.3;41.8;25;27.3;36.2;35.3;22.2;43.1;34.6;22.7;11.8;40.9;32.1;13.3;48;26.1;34;47.3;47.1;26.3;40;18.8;36.2;40.8;40.7;0;37.8;36.8;0;36.4;36.1;30.8;25.8;30.8;25;14.3;37.3;33.3;39;32;20;25;26.3;26.3;33.3;44.3;40;44.9
d2i76a2;39.5;44.4;32;39.3;25;43.2;25.9;42.9;0;34.8;34.6;36.1;26.7;45.9;21.1;37.9;25;26.1;33.3;16.7;26.7;35.7;27.6;48.6;27.3;33.3;35.7;33.3;35.3;43.6;34.2;44.1;28;28.6;40;40.5;33.3;12.5;34.8;52.6;41.3;22.2;29.4;22.2;39.5;33.3;43.5;42.4;38.7;37.3;37.5;29.3;41.2;45.9
d1q0qa2;46.2;29.4;41.4;43.8;0;35.7;28.6;29.4;26.7;51.9;11.1;30.3;26.3;38.5;7.1;26.7;9.1;23.5;16.7;33.3;0;42;42.9;16.7;42.3;37.5;44.4;40.5;41.9;48.5;42.7;46.2;7.1;42.9;43.3;36.4;51.9;44.4;39.3;23.8;10;43.5;10;44.9;43.8;40.9;35.7;46.8;40.4;31.8;41.1;25;15.4;18.2
d2ahra2;28.1;22.2;33.3;50;33.3;40;15;44.6;31.2;50;38.9;37.8;14.3;44.4;39;32.4;36.1;38.1;15.8;28.6;37.8;47.4;37;41.7;41.3;0;28.6;46.8;21.4;44;50.5;29;43.2;35.7;40;14.3;33.3;7.1;31.8;41.9;45.2;39.5;34.4;47.1;40.9;25;27.8;29.4;29;31.8;15.4;47.1;8.3;35.7
d2pv7a2;45.7;36.7;33.3;34.5;25;41.5;29.2;36.7;38.7;43.9;33.3;42.1;33.3;39.1;42.6;42.9;23.1;47.2;34.9;33.3;42.1;44.2;48.4;32.5;45.8;46.6;33.3;43.6;38.2;39;23.1;40.6;25;50;47;35.6;32.3;35.7;36.5;38.5;38.7;32.4;39.3;42.6;34.5;31;39.3;38.9;36.8;35.7;33.3;43.3;45.8;14.3
d1i36a2;25;10;30;27.8;22.2;16.7;35.5;26.1;44.4;39.3;35.7;41.7;42.1;43.7;16.7;44.7;11.1;15;44.7;22.2;15.4;41.5;25;44.1;32.1;29.2;34.5;33.3;34.6;41.7;10;36.7;43.5;17.6;40.4;29.2;7.1;42.2;33.3;36.4;29.3;18.2;40.3;27;38.7;36.1;37.5;40;42.6;43.9;42.5;40.5;29;12.5
d1yqga2;17.6;25;40;39.5;36.8;29.4;28.6;42.4;35;25.7;25;9.1;22.6;20;44.4;44.3;37;17.6;29.6;20;34.9;33.3;41.9;40.6;31.6;35.1;42;29.4;43.5;40.3;38.7;48.9;37.2;35.9;40.7;51.7;43.8;44.2;28.6;31.1;35.7;36.8;37.3;38.5;26.3;38.7;40;16.7;10;51.1;32.6;13.3;37.2;12.5
d1r0ka2;35.5;37.5;26.7;39.1;36.4;26.3;12.5;46.6;30;40.3;49.6;29.2;47.1;52.6;47.4;20;35.1;21.4;38;20;31.2;54.3;25;27.3;33.3;40;40.4;22.2;33.3;35.7;37.5;44.8;35.2;50;29;37.8;30.6;37.7;35.9;37.5;8.3;15.4;29.2;37.8;13.3;44.7;47.6;37.5;37.8;46.3;43.3;43.3;32.7;36.8
d1kyqa1;39.5;14.3;53.2;31.6;25;40;31.2;35.1;43.5;33.3;37.5;41.5;36.4;25;20;35;51.5;43.3;42.4;20;25;43.3;35.3;44.4;36.7;39;29;27.3;12.5;36.7;35.7;46.3;9.1;45.2;37.8;25;44.2;32.4;21.1;39.6;51.2;10;46.4;25;45.5;27.3;25;32.3;42.9;31.6;37.9;37;27.8;45.5
d1t2da1;26.9;38.2;33.3;33.3;35.4;26.3;20;56.2;30;31.2;33.3;38.9;38.9;35.5;25;36.7;40;48.2;42.4;27.3;23.1;43.8;37.3;31.2;42;42.1;20;32.1;33.3;0;47.5;35.3;38.7;8.3;33.3;16.7;29.2;21.7;44.8;30.4;42;46.9;33.3;41.4;35.3;9.1;37.5;28.6;38.5;40;25;33.3;36;30.8
d1llca1;38.5;45.1;15.4;33.3;20;0;33.3;27.3;40.6;22.2;43.9;0;25;36.9;20;20.8;30.8;38.6;46.1;47.6;41.3;32.1;44.6;52.4;46.6;36.6;38.7;33.3;25;31.2;33.3;32.3;38.5;36.6;33.3;43.3;35.5;40.4;34.2;29.4;38.3;50.5;47.6;36.1;45.5;28.6;28.6;39.1;37;47.7;39;42.2;38.7;31.2
d1ldna1;20;29.4;33.3;46.3;38.9;38.1;35.7;33.3;8.3;27.8;30;37.5;0;47.9;29.2;28;48.3;34.7;33.3;15.8;22.2;47.8;49.2;39.1;29.4;33.3;27.6;14.3;44.8;36.4;39.5;30.8;14.3;42.2;48.2;31.8;32.4;43.9;30.8;23.8;31.2;31.6;36.2;36.4;46.4;23.8;30.8;34.8;37.5;20;50.9;45.9;23.1;22.2
d1pqua1;43.9;51.8;39.1;27.8;35.3;27.6;51.7;40.6;22.7;37.8;10;23.1;40;22.2;25;40.7;36.4;28.6;38.1;30.6;48.5;23.5;33.3;36.4;45.2;34.5;35.4;43.5;50;46.7;29.2;36.4;35.7;38.5;30.8;42.1;40;36.7;36.8;22.2;36.7;38.5;31.2;46.7;46.3;47.5;32.1;10;33.3;40.7;30;24;27.6;35.7
d1mb4a1;40.5;39.3;21.7;44.8;31;47.1;29.4;30;21.4;52.8;28.6;35;35.7;39;32.4;31.6;11.1;20;20;22.2;46.2;44.8;14.3;16.7;30.4;11.1;15.4;38.9;23.1;31.8;33.3;44.8;0;36.8;39.3;17.6;30.8;40.9;33.3;25;26.9;33.3;16.7;42.2;13.3;0;26.9;28.6;34.5;18.2;37.8;42.4;25.9;42.4
d1t4ba1;43.6;42.1;22.2;25;12.5;9.1;43.9;28;22.7;33.3;42.9;45.5;31.6;46.3;25;29.4;22.2;27.3;33.3;35;38.8;43.5;44.8;14.3;42.9;11.1;21.4;41.9;33.3;30.8;26.7;27.3;35.7;49.4;27.8;42.1;45.2;26.7;47.1;33.3;25;30;31.6;12.5;40.7;43.6;30.3;10;33.3;37;6.7;48.6;28.1;20
d1ez4a1;46.3;45.5;26.9;35.3;50;31.2;33.3;42.2;37.9;28.6;36.7;31.4;36;43.1;20;16.7;0;29.2;32.3;43.6;37.8;29;47.3;47.6;49.3;42.9;43.2;23.8;51.2;37.5;40;46.7;35.7;35.3;44.1;41.4;31.6;44;7.1;23.5;40.9;52.6;43.9;36.4;40.9;44.2;48.1;34.8;35.6;37.8;41.7;11.1;0;18.2
d1hyha1;46.2;30.8;32.3;44.8;28.6;16.7;28.1;42.3;12.5;44.3;34.6;0;27.3;28;48.8;9.1;40;16.7;35.6;38.5;40;43.9;46.8;42.4;38.5;39;40.7;35.6;30.2;26.3;49.3;38.7;18.8;30.8;46.2;33.3;24;21.4;20;33.3;37.9;50.9;15.8;25;32;52.2;34.5;20;31.2;25.9;29.4;30;33.3;37
d2hjsa1;26.3;42.6;10;31.2;33.3;26.3;31.7;36.4;33.3;41.9;13.3;27.3;42.6;33.3;20;28.6;23.1;35.6;12.5;42.3;33.3;42.9;13.3;50.6;26.3;42.6;37;13.3;23.5;34;15.4;36.7;41;20;25;26.3;41.9;39;36.9;37.3;8.3;35;15.4;43.7;10;18.8;42.9;28.6;33.3;33.3;40.6;15;43.5;37.5
d2cmda1;29.4;36.8;23.8;25;35.5;21.4;47.1;31.6;25;36.6;31.2;26.7;39;45.9;20;18.8;40.6;50;38.1;26.3;17.6;25;27.8;31.6;10.5;35.5;40;41.5;20;26.5;25;45.5;30.8;34.6;40;38.9;30.6;42.4;28.6;17.6;25;18.8;39.3;21.6;33.3;16.7;15.4;42.4;36.8;40;48.1;23.3;21.4;30.8
d1hyea1;25;25;34.8;33.3;38.1;7.7;38.1;32;30.4;43.9;25;39;34.6;35.7;42;42;15.4;40;47.9;31;30.6;45.3;13.6;43.1;32.8;29;22.2;38.1;25;46.6;38.7;45.6;30.3;37.5;34.4;28.6;37;23.1;45.2;37.5;44.1;33.3;37.8;40;47.1;49;51.7;33.3;39.1;39.1;25;39.3;28.1;41
d1mlda1;41.5;35;23.8;29.4;36.8;22.2;42.9;20;18.8;25;25;38.7;40.9;34.8;21.4;25;37.5;26.7;30;24.2;23.5;25;33.3;36.8;15.8;32.1;43.5;28.6;53.6;40.4;22.2;47.4;48.8;35;32.7;41.4;24;39.3;42.1;35.7;49.5;38.1;11.1;41.4;34.4;22.2;45;35.1;12.5;12.5;17.6;22.2;34.5;44
d1llda1;21.1;22.2;0;32;40;46.2;6.7;33.3;40;35.5;47;38.9;47.2;44;27.8;30;23.5;32.6;44.4;46.2;33.3;31.2;32.4;17.6;47.7;33.3;44.7;40.5;25;44.6;30;41.6;25;33.3;45.1;36.5;30.6;37;38;17.6;11.1;47.3;43.1;47.4;50;24;28.6;27.6;44.6;33.3;32.6;20.8;14.3;43.6
d1y6ja1;44.2;39.1;21.4;41.4;35.3;33.3;16.7;32.1;39.2;41.9;19.2;39.3;0;45.5;14.3;0;18.2;26.3;39.4;30;46.3;32.1;21.1;16.7;23.5;27;40.8;38.5;40.9;37.1;37;30.8;46.7;29;52.3;42.2;32.3;38.6;43.6;41.3;49.3;25.6;48.1;11.1;38.2;49.7;44.4;36.7;30;33.3;43.6;13.3;0;27.8
d1o6za1;26.7;33.3;7.7;13.3;45.2;15.4;33.3;15.4;21.4;22.2;15.4;25;37.5;30.8;15.4;43.6;40.5;33.3;40;26.7;35.7;28.6;34.3;34.6;10;48.8;37;0;9.1;44.1;25;44.2;37.5;11.1;39.3;47.3;36.8;39.4;7.1;41;54.2;39.5;40;39.3;26.3;46.6;31.6;30.8;33.3;25;40.4;27.8;37.9;0
d1uxja1;0;37.9;26.3;38.1;34.5;11.1;35.3;11.1;34.4;38.5;32;20;30;35;37.1;42.4;36.8;30.3;11.1;32;49;18.8;28.6;37.8;13.3;40;45.7;23.3;36.4;41.3;30;36.7;29.6;38.6;37.5;28.6;32;38.7;38.3;43.5;36.8;28.6;31.6;42;38.7;39.5;48.4;52.5;31.8;39.7;11.1;0;26.7;43.5
d1gv0a1;38.5;25;11.1;38.1;30.4;18.2;25;20;33.3;30;41.8;44.7;31.2;38.6;30;39.7;43.2;25;41.2;31.6;48.1;42.9;44.4;31.2;38.5;23.3;9.1;41.4;40.4;36.7;42.9;33.3;37.5;46.2;27.3;34.8;28.6;46.7;7.1;35.5;48.8;46.3;40.5;45.2;31.2;43.8;29.6;40.8;39.1;43.2;15.4;47.6;48.9;25
d1guza1;38.5;22.7;11.1;38.1;30.4;18.2;25;20;33.3;30;43.6;30;18.2;40.9;30;7.1;43.2;25;41.2;31.6;41;42.9;41.7;31.2;0;23.3;47.4;33.3;40.4;40.2;17.6;33.3;29.2;46.2;27.3;40.4;14.3;48.9;36.6;35.5;47.6;46.3;40.5;9.1;31.2;45;21.7;40.8;47.7;43.2;15.4;45.3;18.2;25
d1ojua1;21.4;36.4;23.1;27.3;34.1;20;38.6;28.6;27.3;48.3;23.1;16.7;42.9;29.6;14.3;30.8;36;49.4;39.6;22.2;42.9;40.7;45.7;25;40.4;28.6;30.8;40;25.9;37.1;36.4;40;33.3;35.4;34.5;42.5;38.7;41.9;39.3;32.1;44.7;20;40.6;41;35.3;15.4;50;41.2;25;31.2;33.3;23.1;38.7;22.2
d1a5za1;31.8;48.2;15.8;45.9;29;36.4;37.5;33.3;30;21.1;26.9;34.6;45.2;13.3;20;0;31.2;41.7;45.7;34.5;43.5;23.1;32.4;47.5;37.8;29;20;27.6;39.5;38.6;46.9;16.7;28;47.1;43.7;48.4;41.2;27.3;33.3;22.2;44.6;45.5;35.7;27.3;41.7;14.3;37.2;14.3;36.4;23.1;11.1;21.4;25.9;10
d2d59a1;21.4;28.6;28.6;20;41.2;11.1;20;41.4;33.3;40;0;35;33.3;34.6;41.9;33.3;37.9;35.3;50;29.4;35;29.4;25;28.6;41.9;41.2;40;36.7;44.1;33.3;31.2;30.8;21.4;39.1;50;43.5;27.8;29.4;45.8;0;37;50;23.5;37.5;40;35.3;36.4;30.8;21.7;44.3;27.3;38.2;17.6;31
d1iuka_;45.5;28.6;44.2;26.3;37.5;10;29.4;25;28.6;40;27.3;28.6;23.1;50;40;38.9;31.8;40.9;35.3;41.2;44;35.7;38.5;21.4;25;35;39.3;25;28.6;45.8;14.3;44.8;44.6;25;21.4;14.3;42.5;30.4;40.7;31.2;31.2;52;26.7;31.6;42.1;30;11.1;50;41.2;41.7;23.5;22.2;42.9;40.4
d1yl7a1;47.7;33.3;23.5;21.4;40;10;14.3;41.7;34.8;18.2;11.8;21.4;26.7;41.2;27.8;46.4;31.8;28.6;16.7;38.9;25;37.5;47.9;21.4;27.3;48.8;50;38.5;41.9;44.7;34.3;23.5;45;40.9;39.3;48;40;33.3;47.7;43.1;41.2;48.1;16.7;38.2;26.7;37.9;39.3;49.2;14.3;14.3;41.6;33.3;16.7;41.7
d2hmva1;46.9;35;30;43.8;40;31;43.8;37.5;35.2;37.5;37.5;45.2;21.7;38.1;45.5;14.3;29.4;31;44.6;31.2;39.7;33.3;35.7;23.8;32.1;34.6;42.1;41.9;39.4;37.5;26.9;31.2;36.6;37;33.3;39.5;30.8;41.2;40.7;38.5;38.9;38;47.7;30;44;12.5;33.3;35.3;33.3;33.3;23.5;25;30;0
d1j5pa4;18.2;0;42;47.3;35.5;46.4;48.2;23.1;22.2;25;40;29.4;26.7;21.1;20;34.8;39.4;35.6;40.2;40;41.2;55.8;27.8;41.4;38.6;0;19.4;30.8;37.2;21.4;40;41.9;25;22.2;41.7;36.8;22.2;45;45.5;44.6;39.4;28;25;23.5;9.1;32;49.4;41.9;35.3;40.9;33.3;42.9;33.3;48.8
d1lssa_;46.3;25;34.6;25;0;39.1;25;39.3;36.1;39.3;28.6;26.9;32.1;25;46.1;37.5;32.4;57.1;32.4;38.5;29;40;47.5;30.8;30;46;21.4;42.1;37.2;38.9;26.9;33.3;43.6;37.1;27.6;35.7;40;44.6;44.1;36.6;49.2;37.7;34.5;27.6;41.8;40.3;40.4;41;34.4;34.4;34.6;42.9;47.1;37.5
d1euca1;13.3;25;22.2;30.4;45.9;14.3;26.1;26.3;27.3;44.9;28.6;14.3;26.1;39.4;31.2;20;32;30;38.5;29.4;40;12.5;39.5;45.5;35.7;48.5;37.9;41.2;28.6;35.3;16.7;28.6;42.9;10;27.8;23.1;26.7;38.5;31.8;38.5;35.5;34.8;27.3;30;45.2;42.3;44.2;40;44.4;32.7;49.2;18.8;44.1;33.3
d1vm6a3;38.5;28.6;21.4;26.1;40.6;32;26.1;33.3;36.4;41.7;31;25;26.1;34.3;36.4;32.3;40;42.9;36.4;50.8;24;37.2;37;45.3;28;42.4;45.7;46.2;32.4;22.7;28;44.3;37.5;32.3;37.5;18.8;0;0;30.8;48.5;10;43.8;0;28;43.8;28.6;20;31.2;40.6;34.4;23.5;28;37.1;23.5
d2fy8a1;35.3;45.5;31.4;20;36.8;30;14.3;33.3;25.9;40;28;23.1;8.3;12.5;40.6;37.3;37.5;18.2;31.8;30;34.5;28.2;23.1;18.2;20;17.6;40;42.3;32;31.4;43.4;18.2;40.7;36.6;31.8;36.4;18.2;44;18.8;27.8;36;29.6;27.3;32.3;23.1;36;23.1;36.5;28.6;28.6;17.6;38.8;28.6;37.8
d2csua1;35.7;28.6;39.7;47.4;49.2;28.9;30.8;46;39.3;51.9;50.8;14.3;35;23.5;33.3;11.1;12.5;46.7;31.8;34.5;23.1;23.5;23.1;37.9;36.4;43.6;46;44.6;35.7;30;39.6;39.5;26.3;33.3;33.3;12.5;43.4;35.3;34.8;21.7;43.5;0;20;20;40.8;42.9;37;45.8;45;48;30;35.5;23.8;39.3
d2dt5a2;20;15.4;21.4;36.4;39.1;30;36.4;46.1;28.6;37.9;35.9;25;18.2;45.3;38.1;34.8;16.7;27.3;42.5;36.4;35.7;40;37.5;35.7;42.3;45.2;29.6;21.4;44.8;42.1;21.4;33.3;35.5;27.3;11.1;44.7;38.5;40;48.1;32;38.5;27.3;28.6;37.5;25;35.3;35.7;30.8;35.7;12.5;33.3;45.1;31.6;7.7
d1t1ra2;46.2;29.4;0;43.8;0;35.7;25;29.4;26.7;40.8;11.1;30.3;26.3;38.5;7.1;26.7;9.1;23.5;16.7;33.3;0;42;37.8;16.7;43.3;37.5;44.4;40.5;41.9;48.5;42.7;46.2;36.4;42.9;43.3;36.4;41.2;40;39.3;23.8;10;43.5;10;31.8;23.5;40.9;42.5;46.8;41.2;31.8;41.1;25;15.4;18.2
d1oi7a1;30.8;35.3;35;25;21.4;52.9;25;30;42.9;45.5;44.4;40.7;29.2;25;36.4;21.4;36.8;44.2;33.3;34.4;32.1;42.9;42.6;11.1;42.9;47.1;45.2;26.7;36;35.7;26.7;26.7;15.4;42.4;37.9;16.7;40.7;40.7;45.7;38.9;38.1;40;50;42.3;27.8;34.5;37.1;40;35.1;37.8;48.8;51.9;36.7;47.3
d2nu7a1;20;29.4;16.7;34.8;40;50;30.4;11.1;9.1;46.3;31.2;31.8;30.4;0;40.7;30.4;31.6;33.3;0;36;27.3;43.4;40;28.6;18.2;49.2;27.6;31.6;34.8;38.5;28.6;44;29.4;20;40.4;41.4;12.5;30.8;41.7;40;30.8;47.1;32.3;40;39.1;42.1;44.6;35;35;37.5;50;22.2;33.3;45
d1y81a1;47.8;30.4;38.1;20;21.4;23.1;20;46.9;42.6;45.5;25;45.6;26.7;33.3;26.9;34.6;41.9;43.8;27.3;20;52.5;30;28.6;0;42.9;49;29;50.8;39.7;25;36.8;44;31.4;36.4;17.6;35.5;37.3;15.4;40.4;33.3;41.7;14.3;47.2;22.2;27.8;46.8;42.5;25;11.1;11.1;33.3;37.8;19.2;40.7
d1pjqa1;30;18.2;36.4;25;11.1;35.5;37.5;46.9;23.8;34.5;40.6;12.5;29.6;31.2;9.1;37.5;38.9;38.5;11.8;35.3;39.1;31.6;18.2;34.8;35.7;33.3;33.3;9.1;33.3;33.3;47.6;22.2;38.1;35.3;38.6;0;37.5;34.4;45.8;28.6;10;27.3;37.5;28;30;11.1;44.8;29;27.8;41.7;27.3;29.4;14.3;11.1
d1o8ca2;31.8;35.7;36.1;30.3;46.2;35.5;33.3;27.6;29.4;42.6;23.1;18.8;32.6;32;43.1;30;27.3;28.6;8.3;8.3;25.6;33.3;25;24;15.6;37;32.1;20;28.6;19;35.5;18.2;39.1;20.7;27.8;30.8;37;34.6;40;24.3;35.6;41.5;0;23.5;40;27.3;38;29.4;37.1;37.8;33.3;38.3;35.7;11.1
d1t1ra3;0;10;0;16.7;50;0;20;0;16.7;12.5;0;50;20;20;16.7;23.1;53.8;30.8;0;44.4;0;0;20;0;0;0;0;0;37.5;42.1;33.3;20;33.3;20;40;16.7;30.8;0;0;0;0;0;30;14.3;43.8;0;0;28.6;33.3;11.1;27.3;27.3;30;41.7
